sequence,camera,algo,t_err_rmse_f,t_err_median_f,r_err_rmse_f,r_err_median_f,t_err_rmse_s,t_err_median_s,r_err_rmse_s,r_err_median_s
rgbd_dataset_freiburg3_walking_xyz,fr3,vors-norm,0.04407502,0.014325421,0.016981019,0.0054067667,0.42791682,0.20806177,0.14769582,0.043906014
rgbd_dataset_freiburg3_walking_xyz,fr3,fovis,0.016795648,0.0105836075,0.008366775,0.0048710154,0.25942588,0.14977139,0.08422773,0.050202854
rgbd_dataset_freiburg3_walking_xyz,fr3,ocv-rgbd-icp,0.0089580845,0.007833691,0.010910658,0.0077662775,0.22846583,0.22583103,0.10851588,0.08626783
rgbd_dataset_freiburg3_walking_xyz,fr3,vors-huber,0.026197933,0.0102855405,0.010236979,0.0044996394,0.21961233,0.07331573,0.067073315,0.019449389
rgbd_dataset_freiburg3_walking_xyz,fr3,vors-robust,0.029923996,0.01038044,0.010725357,0.0044380627,0.2698401,0.09542238,0.08499941,0.02535545
rgbd_dataset_freiburg3_walking_xyz,fr3,dvo,0.0211296,0.010911568,0.008591676,0.0046275537,0.4736505,0.22307704,0.1460683,0.05369749
rgbd_dataset_freiburg3_walking_xyz,fr3,still,0.008960308,0.007811526,0.010895329,0.007761082,0.22846986,0.22583103,0.1085097,0.08626783
rgbd_dataset_freiburg3_walking_xyz,fr3,ocv-rgbd,0.022845654,0.013237525,0.010019424,0.005743542,0.5006503,0.3009513,0.16545953,0.09647933
rgbd_dataset_freiburg3_walking_xyz,fr3,ocv-icp,0.0089580845,0.007833691,0.010910658,0.0077662775,0.22846583,0.22583103,0.10851588,0.08626783
rgbd_dataset_freiburg3_walking_xyz,fr3,vors,0.02926607,0.010887747,0.011370954,0.0046466957,0.3689706,0.15468256,0.11353827,0.03708027
rgbd_dataset_freiburg3_walking_xyz,fr3,vors-photo,0.03467283,0.010877017,0.012213608,0.0046807393,0.37325004,0.14744526,0.109185725,0.03896968
rgbd_dataset_freiburg3_nostructure_texture_far,fr3,vors-photo,0.086300716,0.02087908,0.025843423,0.009062414,0.2764364,0.029300796,0.07950423,0.012770472
rgbd_dataset_freiburg3_nostructure_texture_far,fr3,dvo,0.049471103,0.016658554,0.01957316,0.007455242,0.1615091,0.04814088,0.05954361,0.018517068
rgbd_dataset_freiburg3_nostructure_texture_far,fr3,vors-norm,0.044267707,0.021277055,0.017694296,0.009758824,0.20319839,0.029605625,0.091647394,0.0133078145
rgbd_dataset_freiburg3_nostructure_texture_far,fr3,vors-robust,0.04901032,0.020748809,0.018875165,0.009087683,0.12334858,0.029263267,0.029226502,0.012063813
rgbd_dataset_freiburg3_nostructure_texture_far,fr3,vors,0.03960594,0.020195533,0.014075163,0.009149599,0.12872773,0.0286371,0.026992656,0.012839821
rgbd_dataset_freiburg3_nostructure_texture_far,fr3,ocv-rgbd,0.02550096,0.019078111,0.011425989,0.008539023,0.049165737,0.037286013,0.02024384,0.014883734
rgbd_dataset_freiburg3_nostructure_texture_far,fr3,still,0.010836441,0.010264319,0.008900604,0.0072605205,0.30802542,0.31781885,0.059179705,0.042033363
rgbd_dataset_freiburg3_nostructure_texture_far,fr3,ocv-rgbd-icp,0.01083323,0.010264319,0.008937047,0.007211225,0.3080351,0.3178412,0.059226006,0.042033363
rgbd_dataset_freiburg3_nostructure_texture_far,fr3,ocv-icp,0.01083323,0.010264319,0.008937047,0.007211225,0.3080351,0.3178412,0.059226006,0.042033363
rgbd_dataset_freiburg3_nostructure_texture_far,fr3,fovis,0.029225508,0.021297915,0.012580399,0.0091174,0.08610257,0.037979927,0.02920826,0.015666857
rgbd_dataset_freiburg3_nostructure_texture_far,fr3,vors-huber,0.062570736,0.02191178,0.023305902,0.009912096,0.2723238,0.031192742,0.11811664,0.013477832
traj3_frei_png,icl,ocv-rgbd,0.004500038,0.002400982,0.25241768,0.0010880372,0.033069614,0.016461417,1.2716961,0.0067387586
traj3_frei_png,icl,vors-norm,0.0010241624,0.00060458505,0.17849903,0.00026160898,0.0031627251,0.0021335236,0.90085804,0.0009620535
traj3_frei_png,icl,fovis,0.07597416,0.0065788706,0.18092102,0.006071794,0.49620694,0.21373703,0.90368134,0.19072737
traj3_frei_png,icl,ocv-icp,0.00019702988,0.000043567252,0.2524371,0.000019932804,0.0011712218,0.0003239592,1.2740197,0.00012872246
traj3_frei_png,icl,vors-robust,0.00062646915,0.0004328666,0.17850102,0.00018979167,0.002328464,0.0018423975,0.9008334,0.0008100561
traj3_frei_png,icl,ocv-rgbd-icp,0.00023173782,0.00008321967,0.2524322,0.000041949286,0.0012595644,0.0004778203,1.2739729,0.00024617903
traj3_frei_png,icl,dvo,0.005361343,0.0026920906,0.25239724,0.0008274616,0.097130805,0.06016996,0.62366164,0.014371249
traj3_frei_png,icl,still,0.0067296564,0.0063850507,0.17843562,0.0066220663,0.15781584,0.15951277,0.88222957,0.16536193
traj3_frei_png,icl,vors-photo,0.0008963453,0.0005460984,0.17849977,0.00023510765,0.0035086484,0.0023951696,0.90083843,0.0010904631
traj3_frei_png,icl,vors-huber,0.0007435266,0.0005006857,0.17850088,0.00020916095,0.0022838982,0.0016130997,0.9008601,0.00076377
traj3_frei_png,icl,vors,0.0010341071,0.0005355771,0.17850073,0.00023736068,0.003530353,0.0020986735,0.90082526,0.0009645103
rgbd_dataset_freiburg1_desk2,fr1,vors,0.016811501,0.006150449,0.8029036,0.006566315,0.08219859,0.049580887,3.44391,0.07329129
rgbd_dataset_freiburg1_desk2,fr1,ocv-icp,0.018949144,0.015880723,0.7982873,0.02442751,0.4856971,0.43196186,3.101908,0.59062237
rgbd_dataset_freiburg1_desk2,fr1,vors-photo,0.010856835,0.006247504,0.80309,0.006396534,0.08524683,0.05169684,3.4434319,0.08704706
rgbd_dataset_freiburg1_desk2,fr1,vors-robust,0.0140171135,0.006297097,0.8029719,0.0063337553,0.06566487,0.043601755,3.4585962,0.05891349
rgbd_dataset_freiburg1_desk2,fr1,vors-norm,0.011308469,0.0064656925,0.802866,0.0068240515,0.10054724,0.051680245,3.4390805,0.08729861
rgbd_dataset_freiburg1_desk2,fr1,vors-huber,0.013210312,0.006235794,0.8029674,0.006361429,0.06533319,0.042077124,3.4581892,0.05955275
rgbd_dataset_freiburg1_desk2,fr1,ocv-rgbd,0.0109128235,0.0058791437,0.8033296,0.00724149,0.07948395,0.048655752,3.4164498,0.08932811
rgbd_dataset_freiburg1_desk2,fr1,fovis,0.009557335,0.006358841,0.80256826,0.00730533,0.05439387,0.038702134,3.427904,0.061572976
rgbd_dataset_freiburg1_desk2,fr1,ocv-rgbd-icp,0.018949144,0.015880723,0.7982873,0.02442751,0.4856971,0.43196186,3.101908,0.59062237
rgbd_dataset_freiburg1_desk2,fr1,still,0.018902706,0.015900655,0.79905933,0.024140231,0.48654625,0.43196186,3.1333525,0.5939583
rgbd_dataset_freiburg1_desk2,fr1,dvo,0.01618016,0.0059453533,0.80346763,0.007081541,0.057982985,0.041350555,3.4211242,0.060606472
rgbd_dataset_freiburg3_sitting_rpy,fr3,ocv-icp,0.0020599025,0.0016669347,0.4455104,0.015223769,0.04617499,0.041262273,2.3251784,0.47000557
rgbd_dataset_freiburg3_sitting_rpy,fr3,vors-photo,0.009674943,0.0057894094,0.44645864,0.004466108,0.029234925,0.019815506,2.463193,0.01178384
rgbd_dataset_freiburg3_sitting_rpy,fr3,ocv-rgbd-icp,0.0020599025,0.0016669347,0.4455104,0.015223769,0.04617499,0.041262273,2.3251784,0.47000557
rgbd_dataset_freiburg3_sitting_rpy,fr3,dvo,0.008994146,0.00519661,0.446471,0.0044104885,0.045523766,0.02746633,2.4618857,0.015057647
rgbd_dataset_freiburg3_sitting_rpy,fr3,still,0.0020604604,0.0016762072,0.4455094,0.015229255,0.046168536,0.041262273,2.3252144,0.47088188
rgbd_dataset_freiburg3_sitting_rpy,fr3,vors-robust,0.010473388,0.005944988,0.44647774,0.004492458,0.03492259,0.02244381,2.4635267,0.012723486
rgbd_dataset_freiburg3_sitting_rpy,fr3,vors,0.011584771,0.00600189,0.44642776,0.0043968437,0.047394793,0.022109998,2.4633048,0.012812666
rgbd_dataset_freiburg3_sitting_rpy,fr3,vors-huber,0.017782956,0.006097437,0.44646847,0.004602362,0.042737585,0.023699922,2.4633224,0.013327859
rgbd_dataset_freiburg3_sitting_rpy,fr3,vors-norm,0.022121336,0.005834167,0.44646963,0.0045689014,0.20407899,0.022028478,2.4623256,0.013821992
rgbd_dataset_freiburg3_sitting_rpy,fr3,ocv-rgbd,0.0117686195,0.0053415736,0.4464951,0.004654054,0.06523273,0.02317137,2.4630094,0.015306404
rgbd_dataset_freiburg3_sitting_rpy,fr3,fovis,0.015985474,0.0053552478,0.44658816,0.004998969,0.07204579,0.029425042,2.4570842,0.017979728
rgbd_dataset_freiburg3_nostructure_notexture_far,fr3,ocv-rgbd,0.0395862,0.013946882,0.021231288,0.011073619,0.28748503,0.20765212,0.122261725,0.08834675
rgbd_dataset_freiburg3_nostructure_notexture_far,fr3,dvo,0.023859946,0.017922848,0.014709372,0.010072829,0.19815288,0.14741158,0.11927647,0.07506231
rgbd_dataset_freiburg3_nostructure_notexture_far,fr3,ocv-icp,0.007240815,0.006507113,0.009405981,0.007224791,0.19793306,0.19653738,0.056901246,0.04033998
rgbd_dataset_freiburg3_nostructure_notexture_far,fr3,still,0.007241072,0.006507113,0.009408495,0.0072134505,0.1979328,0.19653738,0.0568982,0.040236827
rgbd_dataset_freiburg3_nostructure_notexture_far,fr3,ocv-rgbd-icp,0.007240815,0.006507113,0.009405981,0.007224791,0.19793306,0.19653738,0.056901246,0.04033998
rgbd_dataset_freiburg3_nostructure_notexture_far,fr3,vors-robust,0.03743161,0.022200031,0.018624526,0.012904226,0.25026077,0.21792439,0.099251926,0.074340664
rgbd_dataset_freiburg3_nostructure_notexture_far,fr3,vors-norm,0.04119627,0.023869049,0.018762948,0.0117839305,0.25758192,0.22054832,0.078935094,0.06461201
rgbd_dataset_freiburg3_nostructure_notexture_far,fr3,vors-photo,0.14488102,0.025430135,0.044080287,0.012928916,2.4939759,0.56870764,0.670219,0.17428678
rgbd_dataset_freiburg3_nostructure_notexture_far,fr3,fovis,0.020525226,0.009380174,0.013279424,0.009227965,0.17129004,0.12324004,0.0661802,0.04761561
rgbd_dataset_freiburg3_nostructure_notexture_far,fr3,vors,0.021806538,0.015117057,0.011604797,0.008681327,0.23980574,0.22517435,0.080256045,0.06649961
rgbd_dataset_freiburg3_nostructure_notexture_far,fr3,vors-huber,0.047435533,0.02806007,0.02236042,0.013762095,0.25191805,0.20756592,0.08103123,0.061127223
rgbd_dataset_freiburg2_rpy,fr2,vors-huber,0.007470571,0.0012560487,0.4142267,0.0015444333,0.06039668,0.0028496303,1.7051448,0.0051811105
rgbd_dataset_freiburg2_rpy,fr2,vors-robust,0.008225586,0.0012306493,0.41423923,0.0015209784,0.059383005,0.0027601793,1.7055464,0.0051571536
rgbd_dataset_freiburg2_rpy,fr2,vors-norm,0.004825695,0.0011978481,0.41420892,0.0015496835,0.041939367,0.0029236027,1.7070416,0.0051935827
rgbd_dataset_freiburg2_rpy,fr2,ocv-rgbd,0.0021032614,0.0016918279,0.41418365,0.0017643454,0.010308705,0.008034345,1.7065065,0.008063452
rgbd_dataset_freiburg2_rpy,fr2,vors-photo,0.0016228942,0.0011882692,0.41420364,0.0015197285,0.0032956735,0.00267841,1.7070767,0.0050727148
rgbd_dataset_freiburg2_rpy,fr2,ocv-icp,0.0007198766,0.0005384674,0.41406706,0.00394716,0.015859518,0.012389452,1.6833988,0.10439604
rgbd_dataset_freiburg2_rpy,fr2,still,0.00072025775,0.00053846673,0.4140856,0.0039270427,0.015865177,0.012352002,1.6831775,0.10437718
rgbd_dataset_freiburg2_rpy,fr2,ocv-rgbd-icp,0.0007198766,0.0005384674,0.41406706,0.00394716,0.015859518,0.012389452,1.6833988,0.10439604
rgbd_dataset_freiburg2_rpy,fr2,dvo,0.0017208525,0.0013058217,0.4142071,0.0015059038,0.015440969,0.012329632,1.7056407,0.00957001
rgbd_dataset_freiburg2_rpy,fr2,vors,0.0042208177,0.001207607,0.41419268,0.00152816,0.022003205,0.0027477338,1.7039644,0.0050791064
rgbd_dataset_freiburg2_rpy,fr2,fovis,0.0021433719,0.0016400656,0.41413924,0.0017357976,0.004610645,0.003031733,1.706929,0.004924969
rgbd_dataset_freiburg3_large_cabinet,fr3,fovis,0.019851876,0.010060744,0.44907838,0.0039538974,0.09994569,0.0702889,1.9163382,0.020330288
rgbd_dataset_freiburg3_large_cabinet,fr3,ocv-icp,0.013990926,0.013017259,0.40117955,0.008851902,0.38780746,0.4096807,1.5353038,0.16518176
rgbd_dataset_freiburg3_large_cabinet,fr3,vors,0.032697026,0.009294628,0.40158653,0.004230215,0.20895156,0.06607317,1.5588518,0.01338667
rgbd_dataset_freiburg3_large_cabinet,fr3,dvo,0.01956253,0.009387439,0.4014356,0.0037060876,0.21664444,0.1358272,1.5520968,0.029704912
rgbd_dataset_freiburg3_large_cabinet,fr3,still,0.013981964,0.013027274,0.40117937,0.008851902,0.3878209,0.40969616,1.535305,0.16518176
rgbd_dataset_freiburg3_large_cabinet,fr3,ocv-rgbd,0.023818843,0.012949905,0.4488585,0.0064336522,0.22029974,0.17376739,1.8961776,0.06720683
rgbd_dataset_freiburg3_large_cabinet,fr3,vors-robust,0.048346594,0.009403279,0.40165105,0.004061926,0.23208316,0.060361564,1.5571439,0.016198128
rgbd_dataset_freiburg3_large_cabinet,fr3,vors-photo,0.03602438,0.007654628,0.4015538,0.003924004,0.24299893,0.03703031,1.5559366,0.012006036
rgbd_dataset_freiburg3_large_cabinet,fr3,vors-norm,0.108390845,0.011562497,0.40198976,0.0048455754,0.6231953,0.22518207,1.5587537,0.05269455
rgbd_dataset_freiburg3_large_cabinet,fr3,vors-huber,0.04057798,0.009861835,0.40126002,0.0040874663,0.21656258,0.0499428,1.5561081,0.014055088
rgbd_dataset_freiburg3_large_cabinet,fr3,ocv-rgbd-icp,0.013990926,0.013017259,0.40117955,0.008851902,0.38780746,0.4096807,1.5353038,0.16518176
rgbd_dataset_freiburg2_pioneer_slam2,fr2,vors,0.105794854,0.0043704533,0.60563,0.005891879,0.3518347,0.026344102,1.5777769,0.01706271
rgbd_dataset_freiburg2_pioneer_slam2,fr2,vors-norm,0.114827275,0.004451937,0.6091782,0.0058211274,0.3429925,0.021663489,1.5795816,0.015061376
rgbd_dataset_freiburg2_pioneer_slam2,fr2,fovis,0.04132224,0.007655077,0.6496507,0.006132037,0.12602213,0.031815115,1.8172011,0.016237661
rgbd_dataset_freiburg2_pioneer_slam2,fr2,ocv-rgbd,0.041925482,0.0053280424,0.686834,0.0061257374,0.12513186,0.040340975,1.8145059,0.023194637
rgbd_dataset_freiburg2_pioneer_slam2,fr2,vors-huber,0.09627759,0.0042780032,0.60766256,0.00603592,0.36057383,0.02332246,1.5783411,0.017433738
rgbd_dataset_freiburg2_pioneer_slam2,fr2,ocv-icp,0.037383545,0.008474748,0.60908335,0.01205161,0.20446008,0.20971067,1.5353483,0.21172985
rgbd_dataset_freiburg2_pioneer_slam2,fr2,dvo,0.07027398,0.0034814011,0.64934605,0.005411968,0.2770217,0.024356795,1.8554331,0.014544073
rgbd_dataset_freiburg2_pioneer_slam2,fr2,vors-robust,0.11129387,0.0040283715,0.6070447,0.005866062,0.3941688,0.023174504,1.5792092,0.016159492
rgbd_dataset_freiburg2_pioneer_slam2,fr2,still,0.037446994,0.0084237745,0.609472,0.012030782,0.20487572,0.20992456,1.5286429,0.21062712
rgbd_dataset_freiburg2_pioneer_slam2,fr2,vors-photo,0.5616455,0.004288514,0.611269,0.0058945348,1.8702058,0.021368278,1.5652565,0.013848251
rgbd_dataset_freiburg2_pioneer_slam2,fr2,ocv-rgbd-icp,0.037383545,0.008474748,0.60908335,0.01205161,0.20446008,0.20971067,1.5353483,0.21172985
rgbd_dataset_freiburg2_desk_with_person,fr2,vors-robust,0.0038424244,0.0016293931,0.42526764,0.002619346,0.015891792,0.009467025,1.3307265,0.0065452545
rgbd_dataset_freiburg2_desk_with_person,fr2,vors-norm,0.00935462,0.0017394816,0.42526746,0.0028334544,0.048152383,0.012423925,1.3297613,0.008761612
rgbd_dataset_freiburg2_desk_with_person,fr2,still,0.010535595,0.0047695995,0.4243315,0.005403409,0.14604582,0.1306712,1.3095499,0.09200948
rgbd_dataset_freiburg2_desk_with_person,fr2,vors,0.0036560532,0.0015779694,0.42526254,0.0026402692,0.021797994,0.009929062,1.3290591,0.00792488
rgbd_dataset_freiburg2_desk_with_person,fr2,vors-huber,0.008106421,0.0016453792,0.4252693,0.0026088909,0.03564492,0.009247574,1.3308259,0.006357887
rgbd_dataset_freiburg2_desk_with_person,fr2,ocv-rgbd,0.0038887039,0.0020274138,0.3979301,0.0027161753,0.030290414,0.015190874,1.3219185,0.012289856
rgbd_dataset_freiburg2_desk_with_person,fr2,fovis,0.003758049,0.0020066563,0.45113888,0.002695681,0.030490842,0.009205615,1.5035187,0.0075455857
rgbd_dataset_freiburg2_desk_with_person,fr2,ocv-icp,0.011652987,0.004788021,0.39638644,0.0052497163,0.14658844,0.13114418,1.3039061,0.09098596
rgbd_dataset_freiburg2_desk_with_person,fr2,vors-photo,0.0038014364,0.001579828,0.42525393,0.0026365072,0.02343754,0.010768712,1.3290542,0.007599215
rgbd_dataset_freiburg2_desk_with_person,fr2,dvo,0.003537831,0.0015788585,0.4253496,0.002474588,0.0300089,0.019381575,1.6086565,0.012529995
rgbd_dataset_freiburg2_desk_with_person,fr2,ocv-rgbd-icp,0.011652987,0.004788021,0.39638644,0.0052497163,0.14658844,0.13114418,1.3039061,0.09098596
living_room_traj2_frei_png,icl,vors,0.002209119,0.00065040524,0.2119179,0.0002869307,0.013965414,0.010937084,1.0726433,0.0052728457
living_room_traj2_frei_png,icl,vors-photo,0.0021964882,0.0006428246,0.21191816,0.00028905788,0.0126507655,0.0099771,1.0728669,0.0047898716
living_room_traj2_frei_png,icl,dvo,0.0037195238,0.002204496,0.2996621,0.00090670644,0.06670978,0.05116857,1.5133084,0.021055019
living_room_traj2_frei_png,icl,vors-robust,0.0006569744,0.0004319168,0.2119196,0.00017024348,0.0055560833,0.004340211,1.0733162,0.0021314244
living_room_traj2_frei_png,icl,ocv-rgbd,0.0033522334,0.001996331,0.29970047,0.00089852815,0.028068138,0.017619798,1.5173497,0.0085939765
living_room_traj2_frei_png,icl,still,0.010504435,0.009482869,0.21195288,0.008601291,0.24249744,0.23781535,1.0710897,0.21140559
living_room_traj2_frei_png,icl,ocv-icp,0.00011340058,0.00005350026,0.29970768,0.000030865038,0.00071601616,0.0004210401,1.5185057,0.00021605237
living_room_traj2_frei_png,icl,ocv-rgbd-icp,0.00017763792,0.00008900066,0.2997078,0.000055346634,0.0010528469,0.00070739293,1.5184706,0.00042263887
living_room_traj2_frei_png,icl,vors-huber,0.00064641854,0.00041545441,0.21192028,0.00016621068,0.0038228775,0.003026239,1.0734601,0.0012942633
living_room_traj2_frei_png,icl,fovis,0.13087381,0.01017018,0.36752084,0.0089927595,1.1192029,0.34798858,1.6710863,0.2547826
living_room_traj2_frei_png,icl,vors-norm,0.002094553,0.0006827676,0.2119112,0.0003092911,0.017976109,0.01106198,1.072513,0.0052247834
living_room_traj0_frei_png,icl,ocv-rgbd,0.0086475415,0.0025436613,0.0063522314,0.001313847,0.089030795,0.01986643,0.070188425,0.010390661
living_room_traj0_frei_png,icl,ocv-rgbd-icp,0.005322143,0.00010731748,0.00082668016,0.00006202289,0.04863434,0.0007505028,0.010513263,0.00041286077
living_room_traj0_frei_png,icl,ocv-icp,0.005613947,0.00004974387,0.0026870964,0.000029028817,0.051725604,0.0004182048,0.018090876,0.0002443069
living_room_traj0_frei_png,icl,vors,0.0022726785,0.00057936355,0.0013704122,0.0002928342,0.02461294,0.0060068634,0.0153529495,0.0030449661
living_room_traj0_frei_png,icl,vors-robust,0.001632702,0.0003994999,0.0010970444,0.00019786964,0.023754144,0.0042346045,0.014729178,0.0021139942
living_room_traj0_frei_png,icl,vors-photo,0.0034140535,0.0005134306,0.0022447482,0.0002496279,0.032690533,0.0058138813,0.01876821,0.0028941466
living_room_traj0_frei_png,icl,vors-norm,0.003811956,0.0005319163,0.0022667926,0.0002591646,0.024642473,0.0062034926,0.016906057,0.003221941
living_room_traj0_frei_png,icl,dvo,0.003956887,0.0021948272,0.0017004911,0.0009990544,0.077077016,0.043921415,0.03281788,0.019492619
living_room_traj0_frei_png,icl,still,0.005592893,0.003300402,0.008764246,0.008205989,0.119858816,0.07852169,0.20536838,0.20350677
living_room_traj0_frei_png,icl,fovis,0.11100711,0.0038659016,0.1572655,0.008220627,1.0030936,0.31689805,0.8944108,0.25684726
living_room_traj0_frei_png,icl,vors-huber,0.0016305997,0.000437005,0.0010238767,0.00021293508,0.018503848,0.0032189912,0.01182283,0.001588696
rgbd_dataset_freiburg2_metallic_sphere2,fr2,vors-robust,0.026345944,0.0022261625,0.3594688,0.0029320542,0.14242785,0.018955369,1.9256688,0.01028075
rgbd_dataset_freiburg2_metallic_sphere2,fr2,vors,0.034048628,0.0023004399,0.3592491,0.0029942626,0.16607016,0.023051372,1.918768,0.013036734
rgbd_dataset_freiburg2_metallic_sphere2,fr2,vors-norm,0.037382033,0.0026754965,0.35935178,0.0031267544,0.22254036,0.031132678,1.9236153,0.014032474
rgbd_dataset_freiburg2_metallic_sphere2,fr2,still,0.00697107,0.0066762385,0.35911268,0.008840918,0.19982645,0.1981671,1.8668149,0.23464015
rgbd_dataset_freiburg2_metallic_sphere2,fr2,vors-huber,0.027988322,0.0023900627,0.3593516,0.0030420348,0.16767319,0.022469902,1.9251107,0.011056515
rgbd_dataset_freiburg2_metallic_sphere2,fr2,ocv-rgbd,0.007882298,0.0027849036,0.35928753,0.0034616992,0.068606466,0.02872176,1.8433448,0.026990103
rgbd_dataset_freiburg2_metallic_sphere2,fr2,ocv-icp,0.0069702263,0.0066609546,0.35911307,0.008804862,0.1996476,0.19808465,1.8662431,0.2341078
rgbd_dataset_freiburg2_metallic_sphere2,fr2,dvo,0.012813978,0.0029159647,0.41510475,0.002927499,0.09982204,0.05796825,2.2335184,0.01585277
rgbd_dataset_freiburg2_metallic_sphere2,fr2,vors-photo,0.018022928,0.0022769123,0.35915112,0.0030027267,0.0884671,0.023741446,1.9201579,0.012284998
rgbd_dataset_freiburg2_metallic_sphere2,fr2,ocv-rgbd-icp,0.0069702263,0.0066609546,0.35911307,0.008804862,0.1996476,0.19808465,1.8662431,0.2341078
rgbd_dataset_freiburg2_metallic_sphere2,fr2,fovis,0.023457007,0.005669175,0.41431493,0.0036274123,0.1752573,0.06252197,2.2279315,0.017913489
rgbd_dataset_freiburg3_sitting_static,fr3,ocv-rgbd-icp,0.0009227702,0.0005004434,0.004374662,0.0028488694,0.014208104,0.009215966,0.036636986,0.024851687
rgbd_dataset_freiburg3_sitting_static,fr3,vors-photo,0.0035422384,0.0024342374,0.0023474016,0.0015558004,0.0074106157,0.0052844593,0.004394858,0.003747178
rgbd_dataset_freiburg3_sitting_static,fr3,dvo,0.0028406132,0.0018996857,0.00219808,0.0013579836,0.015204687,0.011856676,0.006106639,0.0051989914
rgbd_dataset_freiburg3_sitting_static,fr3,vors,0.0035466994,0.0024931629,0.0023487378,0.0015207485,0.008181299,0.0052519753,0.0044127633,0.003687284
rgbd_dataset_freiburg3_sitting_static,fr3,vors-norm,0.0036385932,0.0024779218,0.0023558328,0.0015355457,0.0076823467,0.005689595,0.00436951,0.0037846924
rgbd_dataset_freiburg3_sitting_static,fr3,vors-robust,0.003914398,0.0026620931,0.0023930685,0.0015484266,0.007216828,0.0047576446,0.004434957,0.0037404308
rgbd_dataset_freiburg3_sitting_static,fr3,ocv-icp,0.0009227702,0.0005004434,0.004374662,0.0028488694,0.014208104,0.009215966,0.036636986,0.024851687
rgbd_dataset_freiburg3_sitting_static,fr3,ocv-rgbd,0.0033864873,0.002569701,0.0024256625,0.0017965969,0.017743636,0.013556891,0.0087417355,0.0074326685
rgbd_dataset_freiburg3_sitting_static,fr3,fovis,0.004059752,0.0027743143,0.0024600537,0.0016598644,0.012330796,0.008233741,0.0054097767,0.0044877813
rgbd_dataset_freiburg3_sitting_static,fr3,still,0.00092244847,0.00050041854,0.004376219,0.0028488694,0.014205679,0.009215966,0.036635242,0.024851687
rgbd_dataset_freiburg3_sitting_static,fr3,vors-huber,0.003916673,0.0026975838,0.0023791266,0.0015466361,0.007305678,0.0047662756,0.004487251,0.0037957754
rgbd_dataset_freiburg3_sitting_halfsphere,fr3,vors-photo,0.017176136,0.005016407,0.38420224,0.0046586012,0.11627182,0.017765371,2.1129894,0.012265183
rgbd_dataset_freiburg3_sitting_halfsphere,fr3,still,0.007854421,0.0065376987,0.38337755,0.01190804,0.20858584,0.18651402,2.0002434,0.27032116
rgbd_dataset_freiburg3_sitting_halfsphere,fr3,vors-norm,0.021054974,0.00528463,0.3841987,0.004674203,0.12345456,0.018671544,2.1123564,0.013630521
rgbd_dataset_freiburg3_sitting_halfsphere,fr3,vors,0.009479461,0.0050724037,0.38420734,0.0045065284,0.058114152,0.018253047,2.1125028,0.013246204
rgbd_dataset_freiburg3_sitting_halfsphere,fr3,vors-huber,0.01565546,0.0053722532,0.38422376,0.00476765,0.08976268,0.018366914,2.1129792,0.012890107
rgbd_dataset_freiburg3_sitting_halfsphere,fr3,dvo,0.006668739,0.004841281,0.3842105,0.004431976,0.039549083,0.02351365,2.1122932,0.014046621
rgbd_dataset_freiburg3_sitting_halfsphere,fr3,vors-robust,0.019921312,0.0052998913,0.3842438,0.0047241054,0.117682114,0.017109662,2.1131709,0.013130159
rgbd_dataset_freiburg3_sitting_halfsphere,fr3,ocv-icp,0.007856074,0.006533834,0.3833779,0.011943203,0.20858769,0.18642643,2.0002496,0.27032116
rgbd_dataset_freiburg3_sitting_halfsphere,fr3,fovis,0.007866694,0.0052405223,0.38428053,0.004839312,0.059441667,0.02971666,2.1055975,0.027006596
rgbd_dataset_freiburg3_sitting_halfsphere,fr3,ocv-rgbd,0.006118011,0.0044600354,0.38418207,0.0044800118,0.04705425,0.024772214,2.112041,0.020430617
rgbd_dataset_freiburg3_sitting_halfsphere,fr3,ocv-rgbd-icp,0.007856074,0.006533834,0.3833779,0.011943203,0.20858769,0.18642643,2.0002496,0.27032116
rgbd_dataset_freiburg1_xyz,fr1,vors-huber,0.005768373,0.0042019696,0.005965996,0.004379302,0.023948614,0.019944308,0.023365462,0.018637905
rgbd_dataset_freiburg1_xyz,fr1,vors,0.005651745,0.004101028,0.0058689346,0.004364924,0.040623482,0.02554074,0.043175913,0.025924977
rgbd_dataset_freiburg1_xyz,fr1,ocv-rgbd-icp,0.011280605,0.010675245,0.011841481,0.008867994,0.27397174,0.26203677,0.18508387,0.13504055
rgbd_dataset_freiburg1_xyz,fr1,ocv-rgbd,0.0053675594,0.0038587665,0.0064288694,0.004901983,0.034228146,0.023457881,0.035725124,0.024877816
rgbd_dataset_freiburg1_xyz,fr1,vors-norm,0.005957469,0.004066463,0.0062135374,0.0044245464,0.047912512,0.023101913,0.050353996,0.024554323
rgbd_dataset_freiburg1_xyz,fr1,still,0.011271582,0.010704582,0.01192753,0.008939671,0.2739769,0.2634551,0.18511625,0.13418172
rgbd_dataset_freiburg1_xyz,fr1,ocv-icp,0.011280605,0.010675245,0.011841481,0.008867994,0.27397174,0.26203677,0.18508387,0.13504055
rgbd_dataset_freiburg1_xyz,fr1,fovis,0.0063082576,0.004398077,0.0070913895,0.0052059134,0.027609894,0.018079089,0.02609097,0.017517837
rgbd_dataset_freiburg1_xyz,fr1,dvo,0.0051237633,0.003687279,0.0061344667,0.004678939,0.032194793,0.022027979,0.03358287,0.022695376
rgbd_dataset_freiburg1_xyz,fr1,vors-photo,0.006150867,0.0040921913,0.0061944313,0.0042400686,0.046629373,0.02392651,0.048135288,0.024927765
rgbd_dataset_freiburg1_xyz,fr1,vors-robust,0.0057598995,0.004245916,0.006029807,0.0043554218,0.024161916,0.01967586,0.02357912,0.01914585
rgbd_dataset_freiburg2_large_with_loop,fr2,ocv-icp,0.12464826,0.008370399,0.7262982,0.011497887,0.2475509,0.2323827,3.1586878,0.33229652
rgbd_dataset_freiburg2_large_with_loop,fr2,still,0.12499407,0.00836477,0.7284944,0.011696071,0.24808589,0.23187938,3.1425707,0.33129779
rgbd_dataset_freiburg2_large_with_loop,fr2,vors-robust,0.20483099,0.010780816,0.74429154,0.0036729798,0.9495327,0.09226097,3.2317607,0.028280182
rgbd_dataset_freiburg2_large_with_loop,fr2,fovis,0.08643929,0.012218814,0.72422636,0.004103584,0.15094028,0.094102,3.2801893,0.022669919
rgbd_dataset_freiburg2_large_with_loop,fr2,vors-photo,0.2837866,0.009584777,0.73318297,0.0035064034,0.27199152,0.06675565,3.2892594,0.02096976
rgbd_dataset_freiburg2_large_with_loop,fr2,ocv-rgbd-icp,0.12464826,0.008370399,0.7262982,0.011497887,0.2475509,0.2323827,3.1586878,0.33229652
rgbd_dataset_freiburg2_large_with_loop,fr2,vors,0.22898346,0.010601366,0.7476705,0.0036489416,0.60098845,0.09557021,3.2619877,0.025865408
rgbd_dataset_freiburg2_large_with_loop,fr2,vors-norm,0.42610747,0.0120944185,0.7399645,0.0038877744,1.0441611,0.110637054,3.2345576,0.039704412
rgbd_dataset_freiburg2_large_with_loop,fr2,vors-huber,0.25735408,0.011932719,0.7422382,0.0037912629,0.9626078,0.13693754,3.2475922,0.046448696
rgbd_dataset_freiburg2_large_with_loop,fr2,ocv-rgbd,0.08726072,0.010985867,0.7239058,0.009292625,0.28882822,0.22744925,3.2273786,0.23075898
rgbd_dataset_freiburg2_large_with_loop,fr2,dvo,0.22060077,0.010140703,0.7250428,0.0034220174,0.26203448,0.10731367,3.2969425,0.028177083
rgbd_dataset_freiburg2_large_no_loop,fr2,vors-norm,0.24190326,0.010112553,0.55360144,0.003978825,0.6463123,0.12356062,3.1347625,0.04492664
rgbd_dataset_freiburg2_large_no_loop,fr2,still,0.18096876,0.009466023,0.5729051,0.010758491,0.27543837,0.2717204,3.0210812,0.32669258
rgbd_dataset_freiburg2_large_no_loop,fr2,fovis,0.117307276,0.011529996,0.77913976,0.004233665,0.10314291,0.06546807,3.4141338,0.022279987
rgbd_dataset_freiburg2_large_no_loop,fr2,ocv-icp,0.18190335,0.009681357,0.5739376,0.010945413,0.27538988,0.27284917,3.0287113,0.32751882
rgbd_dataset_freiburg2_large_no_loop,fr2,dvo,0.15429638,0.009529591,0.59817064,0.0039836704,0.48688757,0.09527855,3.1511667,0.026949503
rgbd_dataset_freiburg2_large_no_loop,fr2,ocv-rgbd,0.19238561,0.013542469,0.59761775,0.0057185004,0.1996432,0.11987145,3.149373,0.053294905
rgbd_dataset_freiburg2_large_no_loop,fr2,vors-photo,0.21220294,0.00817193,0.55293727,0.0038046387,0.28629246,0.072233625,3.156246,0.026783222
rgbd_dataset_freiburg2_large_no_loop,fr2,vors,0.12000492,0.008485119,0.55273354,0.0038993945,0.26497507,0.08694282,3.1524327,0.03208566
rgbd_dataset_freiburg2_large_no_loop,fr2,vors-robust,0.22178356,0.008922901,0.5512002,0.0040497677,0.6823179,0.09340333,3.1218739,0.03130395
rgbd_dataset_freiburg2_large_no_loop,fr2,vors-huber,0.18710355,0.009998871,0.5530691,0.004159463,0.66260076,0.12147474,3.127367,0.048605423
rgbd_dataset_freiburg2_large_no_loop,fr2,ocv-rgbd-icp,0.18190335,0.009681357,0.5739376,0.010945413,0.27538988,0.27284917,3.0287113,0.32751882
rgbd_dataset_freiburg3_walking_static,fr3,fovis,0.009531412,0.0047478834,0.0036493328,0.0025603073,0.15076011,0.03445924,0.03776683,0.009576882
rgbd_dataset_freiburg3_walking_static,fr3,vors,0.030381596,0.005683531,0.010182218,0.0025572367,0.30104804,0.021966621,0.086552925,0.0059880856
rgbd_dataset_freiburg3_walking_static,fr3,ocv-rgbd,0.014475055,0.0052506453,0.0052156653,0.00291176,0.288147,0.057630364,0.07338385,0.017372975
rgbd_dataset_freiburg3_walking_static,fr3,still,0.00081343966,0.00059171754,0.004352774,0.0031055189,0.01361167,0.009945488,0.027017938,0.022869136
rgbd_dataset_freiburg3_walking_static,fr3,ocv-icp,0.00081392046,0.00059172505,0.0043564583,0.0031110402,0.013612726,0.009945488,0.027025098,0.022869136
rgbd_dataset_freiburg3_walking_static,fr3,vors-norm,0.035748888,0.005122296,0.014554725,0.0030114138,0.25991213,0.019836515,0.09850671,0.0072103427
rgbd_dataset_freiburg3_walking_static,fr3,vors-photo,0.04182495,0.004202926,0.015855128,0.002489391,0.35208744,0.010803358,0.13109547,0.0056120646
rgbd_dataset_freiburg3_walking_static,fr3,vors-robust,0.017330464,0.0048582405,0.0060332417,0.0025823833,0.14412484,0.008929246,0.040070258,0.0046520443
rgbd_dataset_freiburg3_walking_static,fr3,vors-huber,0.013298983,0.0049239933,0.0052851015,0.0025868104,0.12678252,0.008438047,0.037925538,0.0046327333
rgbd_dataset_freiburg3_walking_static,fr3,ocv-rgbd-icp,0.00081392046,0.00059172505,0.0043564583,0.0031110402,0.013612726,0.009945488,0.027025098,0.022869136
rgbd_dataset_freiburg3_walking_static,fr3,dvo,0.014376571,0.0039022847,0.0043639992,0.0023527117,0.31387368,0.039207432,0.08057097,0.010255949
rgbd_dataset_freiburg3_nostructure_notexture_near_withloop,fr3,vors-huber,0.06330679,0.020544868,0.6309247,0.017199004,0.5283591,0.34297115,1.2574257,0.17804417
rgbd_dataset_freiburg3_nostructure_notexture_near_withloop,fr3,vors-photo,8.086169,0.011302146,0.88773847,0.013501106,44.429653,0.351473,2.181673,0.23682366
rgbd_dataset_freiburg3_nostructure_notexture_near_withloop,fr3,dvo,0.043480016,0.010772754,0.84628046,0.009731501,0.34752643,0.19171824,1.87991,0.1145725
rgbd_dataset_freiburg3_nostructure_notexture_near_withloop,fr3,ocv-rgbd,0.04195446,0.012481128,0.63083875,0.014656052,0.35217297,0.3001922,1.1978748,0.191144
rgbd_dataset_freiburg3_nostructure_notexture_near_withloop,fr3,ocv-icp,0.011830806,0.010698082,0.6307865,0.012596578,0.32517815,0.32037964,1.220965,0.1987301
rgbd_dataset_freiburg3_nostructure_notexture_near_withloop,fr3,still,0.011830192,0.010698082,0.63078654,0.012596578,0.32517028,0.3203654,1.2209647,0.1987301
rgbd_dataset_freiburg3_nostructure_notexture_near_withloop,fr3,ocv-rgbd-icp,0.011830806,0.010698082,0.6307865,0.012596578,0.32517815,0.32037964,1.220965,0.1987301
rgbd_dataset_freiburg3_nostructure_notexture_near_withloop,fr3,vors,0.055795677,0.01740871,0.6311144,0.014389589,0.4768699,0.35336965,1.2468497,0.18610609
rgbd_dataset_freiburg3_nostructure_notexture_near_withloop,fr3,fovis,0.015933326,0.010886268,0.63081104,0.012590375,0.29368392,0.2779954,1.2169783,0.16916832
rgbd_dataset_freiburg3_nostructure_notexture_near_withloop,fr3,vors-robust,0.06529783,0.021166805,0.63020265,0.0165504,0.5629775,0.33420587,1.2575899,0.17784126
rgbd_dataset_freiburg3_nostructure_notexture_near_withloop,fr3,vors-norm,0.070100494,0.022213077,0.63258255,0.017751303,0.5875,0.36366037,1.2713877,0.20484656
traj0_frei_png,icl,ocv-rgbd-icp,0.0001539334,0.00007744102,0.000044850964,0.000022929533,0.0009037082,0.0005629541,0.00023890995,0.00015904101
traj0_frei_png,icl,vors-huber,0.0017347322,0.0005446674,0.00068404403,0.00018142002,0.011069604,0.002308817,0.0026265888,0.0007704439
traj0_frei_png,icl,vors-norm,0.0022266575,0.0006959867,0.0005760586,0.00022845602,0.009868675,0.0028587708,0.0026640415,0.0009496732
traj0_frei_png,icl,fovis,0.15614578,0.005111313,0.16516547,0.007750786,1.7203995,0.48532197,0.7396613,0.24145193
traj0_frei_png,icl,vors-robust,0.005061704,0.0004944565,0.0011942938,0.00016072034,0.024742968,0.0024880297,0.0059042242,0.0008874975
traj0_frei_png,icl,ocv-rgbd,0.0063351216,0.002239244,0.002014119,0.00086267357,0.036841363,0.01860824,0.011212572,0.0068430454
traj0_frei_png,icl,ocv-icp,0.00017517408,0.000053476484,0.000029415878,0.000014450622,0.0011745474,0.0003541078,0.00015034074,0.00009675594
traj0_frei_png,icl,still,0.0055898833,0.0032967029,0.008766963,0.008206206,0.11989904,0.07852046,0.20543738,0.20350638
traj0_frei_png,icl,vors-photo,0.0031084165,0.0006178265,0.00074587105,0.0002035164,0.021406168,0.0031125725,0.005178982,0.0009518757
traj0_frei_png,icl,vors,0.0017507223,0.000651315,0.000529396,0.0002117024,0.0068519367,0.0027974255,0.0023681822,0.0009045568
traj0_frei_png,icl,dvo,0.004644369,0.001974286,0.00233115,0.0004940664,0.0922649,0.0434417,0.050350398,0.0103528835
rgbd_dataset_freiburg1_360,fr1,still,0.009598839,0.008803297,0.9177871,0.029842865,0.22773592,0.22188401,3.8704333,4.888142
rgbd_dataset_freiburg1_360,fr1,vors-photo,0.01017696,0.004705049,0.92145467,0.0058629015,0.10342065,0.06537929,4.398771,6.1163235
rgbd_dataset_freiburg1_360,fr1,ocv-rgbd-icp,0.009598677,0.008833491,0.9182748,0.030058144,0.22748734,0.22116554,3.8623502,1.1309072
rgbd_dataset_freiburg1_360,fr1,vors-norm,0.045850888,0.005313797,0.9215576,0.0062090266,0.31165475,0.10444788,4.371243,5.7882185
rgbd_dataset_freiburg1_360,fr1,vors,0.034233186,0.0051101246,0.92154443,0.005887944,0.21586102,0.09959382,4.3954735,5.919185
rgbd_dataset_freiburg1_360,fr1,vors-robust,0.0511435,0.0048371055,0.92171466,0.00575791,0.2760373,0.08838867,4.379518,5.842926
rgbd_dataset_freiburg1_360,fr1,fovis,0.009383994,0.0056429068,0.9495777,0.0054985327,0.08156925,0.059903715,4.272092,0.08259694
rgbd_dataset_freiburg1_360,fr1,ocv-rgbd,0.011201024,0.0054094773,0.9501917,0.005555644,0.1010984,0.08335928,4.363874,0.1838929
rgbd_dataset_freiburg1_360,fr1,vors-huber,0.049769893,0.0049833315,0.9217464,0.005729823,0.28449258,0.09069161,4.3822327,5.912758
rgbd_dataset_freiburg1_360,fr1,dvo,0.018249199,0.0051852004,0.9501735,0.0055775503,0.15906775,0.08114295,4.252612,0.14291334
rgbd_dataset_freiburg1_360,fr1,ocv-icp,0.009598677,0.008833491,0.9182748,0.030058144,0.22748734,0.22116554,3.8623502,1.1309072
rgbd_dataset_freiburg2_flowerbouquet,fr2,vors-huber,0.0073891208,0.0013459779,0.262732,0.0028090982,0.052668452,0.009371727,1.3187071,0.007395333
rgbd_dataset_freiburg2_flowerbouquet,fr2,vors,0.008657317,0.0015613745,0.26278567,0.0030084245,0.10200448,0.0106668025,1.321324,0.01001996
rgbd_dataset_freiburg2_flowerbouquet,fr2,ocv-rgbd,0.0043372116,0.0020488163,0.3108866,0.0033814819,0.09714641,0.03325838,1.601272,0.05383641
rgbd_dataset_freiburg2_flowerbouquet,fr2,ocv-icp,0.0042926585,0.00359026,0.26259258,0.006176338,0.11655232,0.10079062,1.2967336,0.14766751
rgbd_dataset_freiburg2_flowerbouquet,fr2,vors-robust,0.0063714324,0.0012775402,0.26273662,0.0027299153,0.031504195,0.0092758825,1.3193992,0.0076970938
rgbd_dataset_freiburg2_flowerbouquet,fr2,still,0.004296612,0.0035747716,0.26255947,0.0061386665,0.11662969,0.10088589,1.2965674,0.1475529
rgbd_dataset_freiburg2_flowerbouquet,fr2,dvo,0.0033852167,0.0015341684,0.31081447,0.0025097246,0.04014822,0.01995981,1.5932996,0.014757279
rgbd_dataset_freiburg2_flowerbouquet,fr2,vors-photo,0.007741076,0.0014804136,0.26279113,0.0029219042,0.096227996,0.0098131355,1.3223817,0.008374598
rgbd_dataset_freiburg2_flowerbouquet,fr2,vors-norm,0.012625499,0.0017503304,0.26276153,0.0032298705,0.11573778,0.012950465,1.3175235,0.011820511
rgbd_dataset_freiburg2_flowerbouquet,fr2,ocv-rgbd-icp,0.0042926585,0.00359026,0.26259258,0.006176338,0.11655232,0.10079062,1.2967336,0.14766751
rgbd_dataset_freiburg2_flowerbouquet,fr2,fovis,0.0057475446,0.0015159377,0.31080413,0.0028780454,0.06969884,0.010699238,1.4524598,0.01481962
living_room_traj3_frei_png,icl,vors,0.010324842,0.0007638049,0.17562914,0.00038143492,0.07804464,0.006789498,0.8801711,0.0027889123
living_room_traj3_frei_png,icl,ocv-icp,0.008087836,0.000054511933,0.25229013,0.00003532093,0.08788585,0.0004557049,1.2680861,0.0002570294
living_room_traj3_frei_png,icl,still,0.009766512,0.009255994,0.17843558,0.006623967,0.22818558,0.23153295,0.88222945,0.16536391
living_room_traj3_frei_png,icl,vors-norm,0.0076810927,0.0007805387,0.17832506,0.0003806504,0.058727525,0.006661037,0.882215,0.003001924
living_room_traj3_frei_png,icl,vors-robust,0.006228425,0.0004614289,0.17715846,0.00023110499,0.055684242,0.003724335,0.8938677,0.0013626516
living_room_traj3_frei_png,icl,vors-huber,0.004996388,0.0004923862,0.17852035,0.00023624512,0.04240908,0.0032237454,0.8971996,0.0012666478
living_room_traj3_frei_png,icl,dvo,0.0037667656,0.002043923,0.25237405,0.0008518657,0.06929597,0.0448298,0.7549132,0.017156951
living_room_traj3_frei_png,icl,ocv-rgbd,0.008621995,0.0029084333,0.25246307,0.0013511181,0.099351384,0.025183892,1.2662545,0.008942489
living_room_traj3_frei_png,icl,ocv-rgbd-icp,0.0010293247,0.00010029715,0.25242653,0.000072025374,0.014117272,0.0006911954,1.269676,0.0005667794
living_room_traj3_frei_png,icl,fovis,0.12678833,0.009458721,0.18369904,0.0065566925,0.89352596,0.2513369,0.9215019,0.18248472
living_room_traj3_frei_png,icl,vors-photo,0.0063120113,0.00068033754,0.17859615,0.00033315763,0.06373175,0.005772614,0.8930577,0.002513482
rgbd_dataset_freiburg3_walking_rpy,fr3,vors-robust,0.037958458,0.012620584,0.4272311,0.005203234,0.41713578,0.14284907,2.1025894,0.043951824
rgbd_dataset_freiburg3_walking_rpy,fr3,ocv-rgbd,0.026766654,0.014117038,0.4271889,0.0068702144,0.5330977,0.25565535,2.0849254,0.1054126
rgbd_dataset_freiburg3_walking_rpy,fr3,vors-norm,0.03992599,0.014118727,0.42725146,0.0057398863,0.42240816,0.21432406,2.1137726,0.060859323
rgbd_dataset_freiburg3_walking_rpy,fr3,vors-huber,0.03356801,0.012291245,0.42718497,0.005221888,0.38476902,0.14873028,2.1019757,0.037897598
rgbd_dataset_freiburg3_walking_rpy,fr3,dvo,0.022664988,0.012752479,0.42708895,0.0050341217,0.47425926,0.21891789,2.0905025,0.05595527
rgbd_dataset_freiburg3_walking_rpy,fr3,vors,0.028040143,0.012222783,0.42712206,0.005094941,0.39392537,0.16456293,2.1048071,0.040459312
rgbd_dataset_freiburg3_walking_rpy,fr3,still,0.005203293,0.0023850733,0.4269344,0.014068959,0.12609604,0.054817524,2.0514715,0.3603388
rgbd_dataset_freiburg3_walking_rpy,fr3,ocv-icp,0.005203151,0.0023850733,0.42693445,0.014068959,0.12611464,0.054817524,2.0514889,0.3603388
rgbd_dataset_freiburg3_walking_rpy,fr3,ocv-rgbd-icp,0.005203151,0.0023850733,0.42693445,0.014068959,0.12611464,0.054817524,2.0514889,0.3603388
rgbd_dataset_freiburg3_walking_rpy,fr3,fovis,0.026439302,0.010609713,0.42732948,0.006067629,0.31062314,0.1583785,2.1215835,0.104508504
rgbd_dataset_freiburg3_walking_rpy,fr3,vors-photo,0.0328928,0.012604945,0.42722607,0.005241767,0.3952849,0.21054728,2.1012137,0.043392893
rgbd_dataset_freiburg2_dishes,fr2,vors-huber,0.00943383,0.0015175921,0.36630332,0.0030527713,0.050851725,0.0126382485,1.257958,0.008071807
rgbd_dataset_freiburg2_dishes,fr2,vors,0.0043342556,0.0014273839,0.36631155,0.003056246,0.023071464,0.014523552,1.2574013,0.008547512
rgbd_dataset_freiburg2_dishes,fr2,vors-norm,0.024088336,0.0014956885,0.36634672,0.003132631,0.1398468,0.014686684,1.2575132,0.009158707
rgbd_dataset_freiburg2_dishes,fr2,fovis,0.006931174,0.001909944,0.36625427,0.0030218302,0.038307045,0.016790815,1.546673,0.010459373
rgbd_dataset_freiburg2_dishes,fr2,vors-photo,0.0036912807,0.00145204,0.366311,0.0030267367,0.020005357,0.015047746,1.2572387,0.008351438
rgbd_dataset_freiburg2_dishes,fr2,ocv-icp,0.0056413785,0.0052307094,0.32739532,0.0070936065,0.15741669,0.151428,1.232845,0.16624075
rgbd_dataset_freiburg2_dishes,fr2,ocv-rgbd-icp,0.0056413785,0.0052307094,0.32739532,0.0070936065,0.15741669,0.151428,1.232845,0.16624075
rgbd_dataset_freiburg2_dishes,fr2,dvo,0.003212353,0.0016619866,0.36631614,0.0027831728,0.039747868,0.027094016,1.5463078,0.014924423
rgbd_dataset_freiburg2_dishes,fr2,still,0.005647916,0.005208712,0.36610726,0.0071161236,0.15753715,0.15150613,1.2329957,0.16672343
rgbd_dataset_freiburg2_dishes,fr2,vors-robust,0.004820968,0.001476087,0.3663044,0.0030790207,0.023974948,0.012764563,1.2579515,0.008034256
rgbd_dataset_freiburg2_dishes,fr2,ocv-rgbd,0.003335754,0.0017776261,0.3662514,0.0030221583,0.022156818,0.014817213,1.5197222,0.01169625
rgbd_dataset_freiburg2_metallic_sphere,fr2,dvo,0.010195674,0.002839685,0.4422046,0.0027896194,0.13305809,0.049122002,1.9378362,0.01830059
rgbd_dataset_freiburg2_metallic_sphere,fr2,fovis,0.012061404,0.00359037,0.39986622,0.0030359167,0.089666195,0.04090442,1.6394118,0.015268811
rgbd_dataset_freiburg2_metallic_sphere,fr2,still,0.005793496,0.0053460663,0.44166228,0.0078992,0.1639608,0.16281642,1.6115861,0.19127588
rgbd_dataset_freiburg2_metallic_sphere,fr2,vors-robust,0.022528436,0.0021040477,0.4422439,0.0029123253,0.19022606,0.018300166,1.6393538,0.012454055
rgbd_dataset_freiburg2_metallic_sphere,fr2,vors-huber,0.021680752,0.0021422678,0.44223073,0.002938783,0.17344533,0.015971176,1.6400996,0.011891238
rgbd_dataset_freiburg2_metallic_sphere,fr2,vors,0.017314678,0.0021033748,0.44221362,0.0030232558,0.14830777,0.017902019,1.6392522,0.013638722
rgbd_dataset_freiburg2_metallic_sphere,fr2,ocv-rgbd-icp,0.0057931733,0.0053498866,0.3993628,0.0079242205,0.16390286,0.16304779,1.6119573,0.19138393
rgbd_dataset_freiburg2_metallic_sphere,fr2,vors-norm,0.030625919,0.0025906041,0.44212672,0.0031937936,0.23667878,0.0261385,1.6365478,0.014671951
rgbd_dataset_freiburg2_metallic_sphere,fr2,ocv-icp,0.0057931733,0.0053498866,0.3993628,0.0079242205,0.16390286,0.16304779,1.6119573,0.19138393
rgbd_dataset_freiburg2_metallic_sphere,fr2,ocv-rgbd,0.0056069423,0.002777459,0.42166853,0.0030859893,0.080447644,0.028824443,1.7913693,0.02293423
rgbd_dataset_freiburg2_metallic_sphere,fr2,vors-photo,0.012525438,0.0020793166,0.44220796,0.0029383309,0.1298051,0.017350677,1.6383318,0.012365609
rgbd_dataset_freiburg2_pioneer_slam,fr2,fovis,0.03830876,0.009221575,0.73680943,0.00715559,0.12793048,0.050314512,1.8970994,0.024126286
rgbd_dataset_freiburg2_pioneer_slam,fr2,vors-photo,0.57617474,0.008678214,0.6947377,0.007441891,3.7688015,0.04182292,1.7571119,0.021198744
rgbd_dataset_freiburg2_pioneer_slam,fr2,ocv-icp,0.031634003,0.010937099,0.6833431,0.013136068,0.26702785,0.2897079,1.6727501,0.27207434
rgbd_dataset_freiburg2_pioneer_slam,fr2,ocv-rgbd,0.038714666,0.009369434,0.6827778,0.008205112,0.19452716,0.08374972,1.7060676,0.039973263
rgbd_dataset_freiburg2_pioneer_slam,fr2,vors-robust,0.12305652,0.007836212,0.682718,0.0070584966,0.39647117,0.030232586,1.714736,0.01907884
rgbd_dataset_freiburg2_pioneer_slam,fr2,ocv-rgbd-icp,0.031634003,0.010937099,0.6833431,0.013136068,0.26702785,0.2897079,1.6727501,0.27207434
rgbd_dataset_freiburg2_pioneer_slam,fr2,still,0.031653747,0.010967432,0.6838051,0.013116787,0.2670675,0.2897011,1.6738894,0.27096862
rgbd_dataset_freiburg2_pioneer_slam,fr2,vors,0.1459859,0.007849045,0.6834207,0.0069636223,0.46274197,0.03269884,1.7206986,0.019254426
rgbd_dataset_freiburg2_pioneer_slam,fr2,dvo,0.087102175,0.00569712,0.7099804,0.0067876535,0.25672567,0.030763753,1.8028306,0.019807668
rgbd_dataset_freiburg2_pioneer_slam,fr2,vors-huber,0.12819012,0.007502004,0.68502146,0.0069290195,0.3891674,0.030427124,1.724556,0.019510614
rgbd_dataset_freiburg2_pioneer_slam,fr2,vors-norm,0.10505886,0.008240655,0.68512374,0.0069054277,0.3680331,0.029604549,1.7233775,0.01674251
traj2_frei_png,icl,vors,0.015437825,0.00066879933,0.21206163,0.0002422863,0.057222806,0.003885364,1.0738627,0.0014755153
traj2_frei_png,icl,vors-robust,0.031728618,0.0005319514,0.2125156,0.00018707995,0.13490796,0.002959417,1.0750077,0.0010422927
traj2_frei_png,icl,dvo,0.0056012305,0.0022670575,0.29969084,0.0006143123,0.0953422,0.04108185,1.3904352,0.012075107
traj2_frei_png,icl,fovis,0.13607524,0.010963342,0.21599533,0.008851103,1.1760209,0.38880116,1.0901433,0.24290732
traj2_frei_png,icl,vors-huber,0.011259429,0.0006068385,0.21199064,0.00022177627,0.03722597,0.0023050474,1.0737324,0.00083693844
traj2_frei_png,icl,still,0.011271289,0.010179002,0.21195287,0.008600711,0.2593597,0.2510728,1.0710897,0.21140441
traj2_frei_png,icl,ocv-icp,0.0072300183,0.000053991713,0.29972568,0.000017682309,0.073816635,0.00036845542,1.5187316,0.00010394849
traj2_frei_png,icl,ocv-rgbd,0.005955983,0.0026100716,0.29967532,0.0010185603,0.035161395,0.017044196,1.5164387,0.006691951
traj2_frei_png,icl,vors-photo,0.05146395,0.00065597513,0.21311016,0.0002395848,0.35068288,0.004176029,1.0862718,0.0016911454
traj2_frei_png,icl,vors-norm,0.01606091,0.00076591957,0.21204421,0.000260283,0.10291034,0.0036940898,1.0746423,0.0016054435
traj2_frei_png,icl,ocv-rgbd-icp,0.00021492256,0.00008934419,0.29970855,0.000032288022,0.0009328545,0.00056871015,1.5184547,0.00021282538
living_room_traj1_frei_png,icl,fovis,0.17225948,0.002489362,0.39554825,0.008203818,1.034479,0.35900515,1.4872317,0.2590544
living_room_traj1_frei_png,icl,vors-robust,0.00060491,0.0004121132,0.20236109,0.00015636215,0.0039995434,0.0032948323,1.0238929,0.0013109907
living_room_traj1_frei_png,icl,vors-photo,0.01221602,0.00059746276,0.20239577,0.00022515639,0.095622435,0.004143659,1.024334,0.0016669648
living_room_traj1_frei_png,icl,ocv-rgbd-icp,0.00088019914,0.00008103149,0.28619525,0.00005189424,0.009792508,0.0005316421,1.4486854,0.00036548395
living_room_traj1_frei_png,icl,vors-huber,0.00069045386,0.00045876077,0.20235996,0.00017906536,0.003037483,0.0024105455,1.023921,0.0009298988
living_room_traj1_frei_png,icl,vors,0.0009915404,0.00061475864,0.20235015,0.00023130942,0.0054517356,0.00393289,1.0238718,0.0014830391
living_room_traj1_frei_png,icl,dvo,0.0042197322,0.002113223,0.2861681,0.00079261104,0.07862279,0.037088018,0.57837105,0.013352216
living_room_traj1_frei_png,icl,ocv-rgbd,0.0038893868,0.0030127564,0.2861461,0.0012322378,0.023341615,0.018073127,1.4463973,0.0073971204
living_room_traj1_frei_png,icl,still,0.0023624504,0.0023065184,0.20236151,0.0077783964,0.05597381,0.058563307,1.0113602,0.19581486
living_room_traj1_frei_png,icl,ocv-icp,0.00086101296,0.000057131514,0.28619564,0.000034870078,0.009861499,0.00041972328,1.448715,0.00023994296
living_room_traj1_frei_png,icl,vors-norm,0.00087171583,0.0005470479,0.20236285,0.00020813891,0.006416178,0.00469691,1.0239501,0.0018969241
rgbd_dataset_freiburg3_structure_notexture_near,fr3,vors-robust,0.027853183,0.0080715865,0.02042215,0.0068341913,0.2791447,0.027520327,0.21101731,0.020230198
rgbd_dataset_freiburg3_structure_notexture_near,fr3,vors-photo,0.02149484,0.007831362,0.016747976,0.006791019,0.24606936,0.032972675,0.19230726,0.02325315
rgbd_dataset_freiburg3_structure_notexture_near,fr3,still,0.004511996,0.0039319107,0.009809746,0.0074564754,0.117472716,0.116622366,0.1229425,0.10116679
rgbd_dataset_freiburg3_structure_notexture_near,fr3,vors-norm,0.04086301,0.009500116,0.0336612,0.0073998114,0.3450056,0.06945378,0.28538886,0.04549223
rgbd_dataset_freiburg3_structure_notexture_near,fr3,fovis,0.016926505,0.009431407,0.015151461,0.0092584565,0.102977164,0.07320974,0.08725349,0.062442854
rgbd_dataset_freiburg3_structure_notexture_near,fr3,ocv-icp,0.0045120013,0.0039319107,0.009785242,0.007444052,0.117480636,0.116622366,0.122958705,0.10116679
rgbd_dataset_freiburg3_structure_notexture_near,fr3,dvo,0.028768983,0.0046881908,0.02350785,0.006680436,0.18796003,0.0705984,0.18307088,0.068585284
rgbd_dataset_freiburg3_structure_notexture_near,fr3,ocv-rgbd,0.023967491,0.007182553,0.019897116,0.007225557,0.14008097,0.061231382,0.11256857,0.038020883
rgbd_dataset_freiburg3_structure_notexture_near,fr3,vors-huber,0.03186873,0.008566843,0.025534568,0.006852627,0.25281182,0.035423175,0.19849712,0.02370189
rgbd_dataset_freiburg3_structure_notexture_near,fr3,ocv-rgbd-icp,0.0045120013,0.0039319107,0.009785242,0.007444052,0.117480636,0.116622366,0.122958705,0.10116679
rgbd_dataset_freiburg3_structure_notexture_near,fr3,vors,0.027250452,0.007505171,0.020339832,0.006372097,0.23394817,0.033528198,0.17428234,0.023314746
rgbd_dataset_freiburg1_desk,fr1,vors-robust,0.009660008,0.0059183044,0.74232113,0.0060782004,0.033143785,0.022939809,2.1620917,0.028259516
rgbd_dataset_freiburg1_desk,fr1,vors,0.009493509,0.005986626,0.74225765,0.0061102966,0.05036314,0.03414432,2.153781,0.044785123
rgbd_dataset_freiburg1_desk,fr1,vors-huber,0.011315781,0.005928479,0.74216855,0.0059486977,0.04445918,0.023383597,2.1623538,0.028835498
rgbd_dataset_freiburg1_desk,fr1,dvo,0.008162429,0.0052641425,0.82989156,0.0064221425,0.037749484,0.02624739,2.0553567,0.03242913
rgbd_dataset_freiburg1_desk,fr1,vors-photo,0.009616923,0.005771852,0.74234176,0.0059609893,0.04851689,0.0349796,2.1530933,0.042063344
rgbd_dataset_freiburg1_desk,fr1,still,0.017944982,0.016140467,0.7390922,0.017222224,0.45744696,0.4399187,2.0274103,0.4002608
rgbd_dataset_freiburg1_desk,fr1,ocv-rgbd,0.008511895,0.005348322,0.8296197,0.0067976797,0.04498526,0.031576492,2.0535069,0.038687278
rgbd_dataset_freiburg1_desk,fr1,vors-norm,0.010324673,0.0062168,0.7421872,0.006120285,0.05332126,0.03804509,2.1557157,0.047396693
rgbd_dataset_freiburg1_desk,fr1,ocv-rgbd-icp,0.01789254,0.016074311,0.82522887,0.017818803,0.45641026,0.43904614,1.9337091,0.3956567
rgbd_dataset_freiburg1_desk,fr1,fovis,0.008827818,0.0056303153,0.8270632,0.007248802,0.05224781,0.025718275,2.0003424,0.027176766
rgbd_dataset_freiburg1_desk,fr1,ocv-icp,0.01789254,0.016074311,0.82522887,0.017818803,0.45641026,0.43904614,1.9337091,0.3956567
rgbd_dataset_freiburg3_teddy,fr3,vors-robust,0.008133545,0.0031648797,0.5528478,0.004926142,0.050712995,0.012593464,2.518422,0.01767743
rgbd_dataset_freiburg3_teddy,fr3,still,0.010343169,0.009227662,0.55168283,0.015124431,0.2708281,0.25940546,2.3864982,0.40049627
rgbd_dataset_freiburg3_teddy,fr3,ocv-rgbd,0.0063129934,0.0036387753,0.66392326,0.0055640438,0.065037064,0.03276138,2.8118641,0.04820408
rgbd_dataset_freiburg3_teddy,fr3,fovis,0.008765012,0.0034387743,0.61066276,0.005341128,0.0829493,0.027367106,2.6487925,0.035861056
rgbd_dataset_freiburg3_teddy,fr3,ocv-rgbd-icp,0.010346049,0.009220291,0.55168283,0.015089856,0.27084956,0.25940037,2.3864977,0.40049627
rgbd_dataset_freiburg3_teddy,fr3,vors,0.012093547,0.0033139759,0.5528219,0.005061334,0.061760664,0.014596397,2.5155897,0.019741435
rgbd_dataset_freiburg3_teddy,fr3,vors-huber,0.012251943,0.0032602425,0.5528129,0.0049409172,0.07107483,0.013150233,2.51936,0.018344542
rgbd_dataset_freiburg3_teddy,fr3,ocv-icp,0.010346049,0.009220291,0.55168283,0.015089856,0.27084956,0.25940037,2.3864977,0.40049627
rgbd_dataset_freiburg3_teddy,fr3,vors-photo,0.020636968,0.0032987068,0.55283517,0.005117255,0.16505802,0.013315915,2.5187576,0.017442776
rgbd_dataset_freiburg3_teddy,fr3,vors-norm,0.010944724,0.003412478,0.5527913,0.0053683636,0.08400422,0.015597178,2.5143492,0.022759829
rgbd_dataset_freiburg3_teddy,fr3,dvo,0.00634692,0.0032291403,0.59703577,0.004988465,0.0584114,0.022557603,2.6285744,0.023830086
rgbd_dataset_freiburg3_walking_halfsphere,fr3,ocv-icp,0.009811158,0.008301335,0.3918535,0.012492883,0.25761497,0.25047505,2.0188053,0.25233278
rgbd_dataset_freiburg3_walking_halfsphere,fr3,still,0.0098082805,0.008319564,0.39185387,0.01263245,0.2576165,0.25047505,2.018771,0.2516549
rgbd_dataset_freiburg3_walking_halfsphere,fr3,ocv-rgbd-icp,0.009811158,0.008301335,0.3918535,0.012492883,0.25761497,0.25047505,2.0188053,0.25233278
rgbd_dataset_freiburg3_walking_halfsphere,fr3,vors-photo,0.033479553,0.0098128775,0.39358848,0.0054868795,0.3281587,0.10711986,2.112083,0.04614788
rgbd_dataset_freiburg3_walking_halfsphere,fr3,vors-robust,0.024481546,0.009445431,0.3935566,0.0051951846,0.2213361,0.042266715,2.1185932,0.021289358
rgbd_dataset_freiburg3_walking_halfsphere,fr3,vors,0.025600834,0.009740072,0.39361215,0.005315814,0.2965007,0.11527872,2.1036503,0.044614237
rgbd_dataset_freiburg3_walking_halfsphere,fr3,fovis,0.016943863,0.010475406,0.3924242,0.0060327603,0.23813787,0.10381154,2.1137488,0.06680278
rgbd_dataset_freiburg3_walking_halfsphere,fr3,dvo,0.02000076,0.0098389955,0.3935012,0.005300596,0.40598276,0.14458306,2.0937576,0.0557815
rgbd_dataset_freiburg3_walking_halfsphere,fr3,ocv-rgbd,0.022149825,0.011098697,0.39371884,0.0066403733,0.43146834,0.22168048,2.0987937,0.099507295
rgbd_dataset_freiburg3_walking_halfsphere,fr3,vors-huber,0.021807328,0.009227931,0.39356092,0.0050628427,0.20322976,0.04252007,2.119362,0.019915298
rgbd_dataset_freiburg3_walking_halfsphere,fr3,vors-norm,0.045383304,0.011172934,0.3938578,0.0058450415,0.35958055,0.13021955,2.1079001,0.058013402
rgbd_dataset_freiburg1_floor,fr1,vors-photo,0.045173384,0.0019089096,0.25717032,0.0030542572,0.19096348,0.009985899,1.2458354,0.012345173
rgbd_dataset_freiburg1_floor,fr1,still,0.021932492,0.008939805,0.25569648,0.008554318,0.28713897,0.26758847,1.1891614,0.2137647
rgbd_dataset_freiburg1_floor,fr1,vors-norm,0.05555736,0.002013516,0.25745174,0.0032072088,0.36516586,0.011611783,1.2339698,0.014390064
rgbd_dataset_freiburg1_floor,fr1,ocv-rgbd-icp,0.02183998,0.0089252265,0.25569546,0.008508597,0.2860754,0.26618382,1.178256,0.2137647
rgbd_dataset_freiburg1_floor,fr1,fovis,0.018444257,0.0022893106,0.40465295,0.003190228,0.051397886,0.013997051,1.9847369,0.01274505
rgbd_dataset_freiburg1_floor,fr1,vors-huber,0.026530556,0.0020042208,0.25651202,0.003144568,0.18575306,0.0121051,1.2357316,0.015795229
rgbd_dataset_freiburg1_floor,fr1,ocv-icp,0.02183998,0.0089252265,0.25569546,0.008508597,0.2860754,0.26618382,1.178256,0.2137647
rgbd_dataset_freiburg1_floor,fr1,vors-robust,0.026252002,0.0019300054,0.2565508,0.0031237071,0.20404436,0.012116182,1.23966,0.015565711
rgbd_dataset_freiburg1_floor,fr1,ocv-rgbd,0.01829411,0.0020858434,0.31368142,0.0029641066,0.05450713,0.010449839,1.607675,0.012598484
rgbd_dataset_freiburg1_floor,fr1,vors,0.02252505,0.0019770286,0.2564216,0.0030963619,0.11110038,0.010490359,1.2344621,0.013161254
rgbd_dataset_freiburg1_floor,fr1,dvo,0.0191392,0.0020212014,0.40466383,0.0028884304,0.04658573,0.013076838,1.9598863,0.01333779
rgbd_dataset_freiburg2_360_kidnap,fr2,still,0.011173713,0.010070633,0.47271606,0.009305605,0.31956995,0.30022836,1.343959,0.24188718
rgbd_dataset_freiburg2_360_kidnap,fr2,dvo,0.090567015,0.0065251966,0.50213075,0.0028221358,0.42008114,0.06485016,1.6256025,0.015164475
rgbd_dataset_freiburg2_360_kidnap,fr2,vors-norm,0.057734113,0.009140098,0.47277787,0.007488542,0.57215315,0.2579678,1.3404821,0.18729791
rgbd_dataset_freiburg2_360_kidnap,fr2,vors-photo,0.1373577,0.008761308,0.4737108,0.0073147393,0.86855286,0.24182919,1.3518986,0.169366
rgbd_dataset_freiburg2_360_kidnap,fr2,vors,0.048432287,0.008811996,0.47275063,0.0072044143,0.39409778,0.24619041,1.3385978,0.16913885
rgbd_dataset_freiburg2_360_kidnap,fr2,ocv-rgbd-icp,0.011173003,0.010006822,0.47276416,0.009231088,0.31921688,0.29945484,1.3446388,0.24142289
rgbd_dataset_freiburg2_360_kidnap,fr2,vors-huber,0.1394428,0.009128698,0.4740002,0.0071722227,0.9662336,0.25184867,1.3548054,0.18622507
rgbd_dataset_freiburg2_360_kidnap,fr2,ocv-icp,0.011173003,0.010006822,0.47276416,0.009231088,0.31921688,0.29945484,1.3446388,0.24142289
rgbd_dataset_freiburg2_360_kidnap,fr2,fovis,0.026410779,0.011847602,0.5015144,0.0034723487,0.17783664,0.074079916,1.6172246,0.016706508
rgbd_dataset_freiburg2_360_kidnap,fr2,vors-robust,0.07361924,0.008873539,0.4728669,0.006996437,0.47993478,0.2515872,1.3403414,0.18647672
rgbd_dataset_freiburg2_360_kidnap,fr2,ocv-rgbd,0.035242967,0.014877452,0.6022015,0.00626131,0.3433603,0.22005858,2.050554,0.08175416
rgbd_dataset_freiburg2_xyz,fr2,vors-huber,0.002165893,0.0015405384,0.40470517,0.0025526474,0.0049256063,0.004078242,1.0744016,0.004336604
rgbd_dataset_freiburg2_xyz,fr2,fovis,0.0023508123,0.0018204498,0.4307133,0.0026875956,0.004361396,0.0034328767,1.0946152,0.0043670353
rgbd_dataset_freiburg2_xyz,fr2,ocv-rgbd-icp,0.0023178982,0.0019468584,0.43074012,0.0030908461,0.063694015,0.05656191,1.0893537,0.027134165
rgbd_dataset_freiburg2_xyz,fr2,dvo,0.0018637229,0.0013628964,0.43078628,0.0023562564,0.012967457,0.010652164,1.0944493,0.007459635
rgbd_dataset_freiburg2_xyz,fr2,ocv-rgbd,0.0024194866,0.0019255304,0.43077177,0.0026156984,0.013118068,0.010332747,1.0937878,0.00861697
rgbd_dataset_freiburg2_xyz,fr2,still,0.0023181546,0.0019442049,0.4046729,0.0030673118,0.06375168,0.056568265,1.068948,0.026987284
rgbd_dataset_freiburg2_xyz,fr2,vors-photo,0.001925429,0.0013673586,0.40471798,0.0024895442,0.0045448947,0.0036990168,1.0743848,0.0042353966
rgbd_dataset_freiburg2_xyz,fr2,vors-norm,0.0018592076,0.001329472,0.40471905,0.0025271946,0.004554812,0.0037818437,1.0743539,0.004320864
rgbd_dataset_freiburg2_xyz,fr2,vors,0.0019635211,0.001395576,0.40472215,0.002506972,0.0045868326,0.0037520856,1.0743905,0.004309042
rgbd_dataset_freiburg2_xyz,fr2,ocv-icp,0.0023178982,0.0019468584,0.43074012,0.0030908461,0.063694015,0.05656191,1.0893537,0.027134165
rgbd_dataset_freiburg2_xyz,fr2,vors-robust,0.002134305,0.0015157466,0.40470576,0.002550106,0.004922058,0.004033154,1.0744008,0.0043555154
rgbd_dataset_freiburg1_teddy,fr1,dvo,0.015311928,0.00591542,0.99330765,0.0055036796,0.09432525,0.025468083,3.0332491,0.02518467
rgbd_dataset_freiburg1_teddy,fr1,ocv-rgbd-icp,0.014009058,0.011937235,0.97615427,0.022961263,0.3416472,0.2951903,2.7666054,0.4180083
rgbd_dataset_freiburg1_teddy,fr1,vors-norm,0.031718265,0.006735127,0.9933433,0.0064521907,0.17235523,0.037445504,2.8924494,0.03108797
rgbd_dataset_freiburg1_teddy,fr1,vors-photo,0.02130712,0.0062401686,0.9933398,0.0063528367,0.108235694,0.03566583,2.8987992,0.029327407
rgbd_dataset_freiburg1_teddy,fr1,vors,0.019617615,0.0062658605,0.99336046,0.0064206836,0.11369244,0.03863833,2.8987894,0.033849604
rgbd_dataset_freiburg1_teddy,fr1,vors-robust,0.018737456,0.0064142295,0.99335283,0.006263774,0.11274683,0.029121924,2.9007182,0.028059091
rgbd_dataset_freiburg1_teddy,fr1,fovis,0.016120248,0.006657353,1.0345777,0.0060373773,0.08831097,0.048160575,3.210447,0.038746633
rgbd_dataset_freiburg1_teddy,fr1,ocv-rgbd,0.012965919,0.005804181,0.99330795,0.0055581694,0.060938876,0.030115819,2.7785408,0.026243577
rgbd_dataset_freiburg1_teddy,fr1,vors-huber,0.019529708,0.006331317,0.99335796,0.006301051,0.10008064,0.030102462,2.8995562,0.028049462
rgbd_dataset_freiburg1_teddy,fr1,ocv-icp,0.014009058,0.011937235,0.97615427,0.022961263,0.3416472,0.2951903,2.7666054,0.4180083
rgbd_dataset_freiburg1_teddy,fr1,still,0.014014596,0.011965221,0.9906357,0.022913044,0.34180352,0.29461193,2.771696,0.4198159
rgbd_dataset_freiburg3_long_office_household,fr3,vors-photo,0.004925618,0.003167831,0.41777,0.0032081103,0.02229961,0.008441473,1.3968904,0.007307642
rgbd_dataset_freiburg3_long_office_household,fr3,ocv-icp,0.009677305,0.008693064,0.41708833,0.007662787,0.2610512,0.25929505,1.3548915,0.16721655
rgbd_dataset_freiburg3_long_office_household,fr3,dvo,0.004434696,0.0030966362,0.43634155,0.003087678,0.023021856,0.01790392,1.5542035,0.011633404
rgbd_dataset_freiburg3_long_office_household,fr3,fovis,0.005506706,0.0038937356,0.43630907,0.003420954,0.014700258,0.011217761,1.5598965,0.008672638
rgbd_dataset_freiburg3_long_office_household,fr3,vors-huber,0.005207565,0.0033946251,0.41773334,0.003141893,0.01527299,0.008091504,1.3966811,0.0066768364
rgbd_dataset_freiburg3_long_office_household,fr3,vors,0.004707576,0.0031884979,0.41775718,0.0031576692,0.014507361,0.00901924,1.3975542,0.0073914523
rgbd_dataset_freiburg3_long_office_household,fr3,vors-norm,0.005142847,0.0031931188,0.4176994,0.003225769,0.02162398,0.008833988,1.3975189,0.0075686295
rgbd_dataset_freiburg3_long_office_household,fr3,ocv-rgbd-icp,0.009677305,0.008693064,0.41708833,0.007662787,0.2610512,0.25929505,1.3548915,0.16721655
rgbd_dataset_freiburg3_long_office_household,fr3,ocv-rgbd,0.0048560402,0.0031948765,0.436288,0.003146526,0.02156622,0.015353843,1.2766502,0.011265463
rgbd_dataset_freiburg3_long_office_household,fr3,still,0.009675526,0.008693108,0.41711393,0.007647474,0.26103333,0.25954935,1.3549097,0.16721655
rgbd_dataset_freiburg3_long_office_household,fr3,vors-robust,0.0075539276,0.0033580407,0.4177612,0.0031460866,0.037400503,0.008019523,1.3945948,0.0065719266
traj1_frei_png,icl,fovis,0.09335679,0.007859188,0.20601082,0.0076895314,0.65826786,0.26986125,1.0569795,0.21844004
traj1_frei_png,icl,vors,0.013684983,0.0007952166,0.20246421,0.00034046787,0.08249959,0.0032393544,1.0247653,0.0014533658
traj1_frei_png,icl,still,0.0077261603,0.0077013415,0.2023615,0.007779589,0.18334611,0.19439895,1.0113603,0.19581208
traj1_frei_png,icl,vors-photo,0.008223514,0.0007466208,0.20239326,0.00033931973,0.014016045,0.0032540697,1.0239376,0.001515098
traj1_frei_png,icl,ocv-rgbd,0.009200199,0.002463214,0.2861547,0.0010887078,0.061514724,0.01795019,1.4469138,0.008449473
traj1_frei_png,icl,vors-huber,0.003030974,0.00066142133,0.20236124,0.00028834413,0.012253424,0.002355642,1.0239928,0.001071095
traj1_frei_png,icl,ocv-rgbd-icp,0.00021122547,0.00004965974,0.40473485,0.000021692731,0.0012149112,0.00030816506,1.6639857,0.00014011022
traj1_frei_png,icl,ocv-icp,0.0007746097,0.00003270184,0.40473598,0.000013020636,0.005504245,0.00020937792,1.6640283,0.000080716665
traj1_frei_png,icl,dvo,0.007659792,0.004221736,0.2861326,0.0012074821,0.16162862,0.09642716,0.91048986,0.022500902
traj1_frei_png,icl,vors-robust,0.0037847105,0.00056176196,0.20236753,0.00024858367,0.011819648,0.0024142028,1.0239581,0.0011437568
traj1_frei_png,icl,vors-norm,0.013975557,0.0009139321,0.20242845,0.0003823425,0.034243546,0.003941938,1.0239508,0.0018553904
rgbd_dataset_freiburg3_structure_notexture_far,fr3,ocv-icp,0.006352034,0.0056867274,0.3871867,0.005224473,0.17403734,0.17384163,1.192994,0.06986892
rgbd_dataset_freiburg3_structure_notexture_far,fr3,vors-huber,0.043465074,0.0054083,0.3877598,0.0032724794,0.17944242,0.011782762,1.2054787,0.007517775
rgbd_dataset_freiburg3_structure_notexture_far,fr3,vors,0.021926254,0.0053618453,0.38758925,0.0033537012,0.059485488,0.012568207,1.2042465,0.007412999
rgbd_dataset_freiburg3_structure_notexture_far,fr3,vors-robust,0.03807063,0.005119625,0.38762718,0.0031627282,0.13997485,0.010178314,1.2049048,0.006648758
rgbd_dataset_freiburg3_structure_notexture_far,fr3,dvo,0.03285144,0.004598745,0.38754448,0.0038694094,0.11756992,0.061482564,1.200113,0.028264215
rgbd_dataset_freiburg3_structure_notexture_far,fr3,ocv-rgbd,0.011024548,0.007880847,0.38749564,0.0041707736,0.058334414,0.045924954,1.1995622,0.019843634
rgbd_dataset_freiburg3_structure_notexture_far,fr3,still,0.006350732,0.0056798337,0.38718647,0.005207418,0.17405473,0.17384163,1.1929959,0.06986892
rgbd_dataset_freiburg3_structure_notexture_far,fr3,fovis,0.017732391,0.0086739035,0.3873494,0.004553034,0.09432154,0.057274893,1.2023346,0.022956349
rgbd_dataset_freiburg3_structure_notexture_far,fr3,vors-norm,0.038523536,0.006559405,0.38792998,0.0039600283,0.1360709,0.028314056,1.1924281,0.013659156
rgbd_dataset_freiburg3_structure_notexture_far,fr3,ocv-rgbd-icp,0.006352034,0.0056867274,0.3871867,0.005224473,0.17403734,0.17384163,1.192994,0.06986892
rgbd_dataset_freiburg3_structure_notexture_far,fr3,vors-photo,0.012537145,0.005227326,0.38760594,0.0032354256,0.06730312,0.016272804,1.2041374,0.0077709234
rgbd_dataset_freiburg3_sitting_xyz,fr3,vors-photo,0.007474687,0.0056034694,0.005250272,0.0038169746,0.014816611,0.009955875,0.009298524,0.006508131
rgbd_dataset_freiburg3_sitting_xyz,fr3,dvo,0.0065781893,0.0050224257,0.004958888,0.0036054484,0.025438951,0.020505177,0.012313086,0.009550369
rgbd_dataset_freiburg3_sitting_xyz,fr3,ocv-rgbd,0.0068009836,0.0048998403,0.0050422526,0.0036850397,0.034995407,0.024312977,0.015412993,0.011809331
rgbd_dataset_freiburg3_sitting_xyz,fr3,ocv-icp,0.0056383433,0.0047127698,0.008410072,0.006629907,0.14801607,0.14292386,0.0710268,0.058145974
rgbd_dataset_freiburg3_sitting_xyz,fr3,vors,0.00751447,0.0055835946,0.005193077,0.0038425163,0.01662744,0.011344651,0.010035127,0.0068524675
rgbd_dataset_freiburg3_sitting_xyz,fr3,vors-huber,0.008401169,0.0062042065,0.0053861067,0.0039544133,0.015544178,0.011345786,0.0092426045,0.006817775
rgbd_dataset_freiburg3_sitting_xyz,fr3,vors-norm,0.009043611,0.0059671686,0.0055340156,0.003930335,0.022854507,0.01120217,0.011659681,0.0063988385
rgbd_dataset_freiburg3_sitting_xyz,fr3,ocv-rgbd-icp,0.0056383433,0.0047127698,0.008410072,0.006629907,0.14801607,0.14292386,0.0710268,0.058145974
rgbd_dataset_freiburg3_sitting_xyz,fr3,vors-robust,0.008349758,0.0060955933,0.005379157,0.0039030726,0.014229924,0.011058387,0.00903412,0.0067087607
rgbd_dataset_freiburg3_sitting_xyz,fr3,still,0.00564179,0.00470516,0.008417365,0.006630365,0.14800951,0.14292386,0.07104703,0.058145974
rgbd_dataset_freiburg3_sitting_xyz,fr3,fovis,0.0071648005,0.004993469,0.0053145997,0.0037897471,0.03014371,0.021561818,0.016774856,0.010949442
rgbd_dataset_freiburg3_nostructure_texture_near_withloop,fr3,ocv-rgbd-icp,0.008936606,0.008126299,0.15557024,0.008041541,0.2484982,0.24934062,0.8426538,0.13122903
rgbd_dataset_freiburg3_nostructure_texture_near_withloop,fr3,still,0.008938726,0.008125906,0.1555693,0.008061059,0.24851021,0.24941526,0.84266937,0.13162072
rgbd_dataset_freiburg3_nostructure_texture_near_withloop,fr3,vors-huber,0.017893178,0.006859777,0.15567578,0.0071098036,0.052992903,0.012172875,0.85637397,0.011202487
rgbd_dataset_freiburg3_nostructure_texture_near_withloop,fr3,ocv-rgbd,0.008873716,0.006804462,0.21961322,0.007077,0.016771708,0.0136549305,1.1483572,0.012164557
rgbd_dataset_freiburg3_nostructure_texture_near_withloop,fr3,dvo,0.011125306,0.0066208118,0.3105547,0.006976008,0.057970926,0.028042339,1.199495,0.019075243
rgbd_dataset_freiburg3_nostructure_texture_near_withloop,fr3,fovis,0.00932381,0.007163538,0.2196403,0.007289687,0.016455822,0.01334918,1.2106273,0.012205738
rgbd_dataset_freiburg3_nostructure_texture_near_withloop,fr3,vors,0.009166709,0.0069296528,0.15555207,0.007179556,0.014960123,0.011616492,0.85586464,0.0109680025
rgbd_dataset_freiburg3_nostructure_texture_near_withloop,fr3,vors-photo,0.0091294665,0.0070056203,0.15545446,0.007188596,0.014767015,0.011987772,0.8560008,0.0109464
rgbd_dataset_freiburg3_nostructure_texture_near_withloop,fr3,vors-norm,0.0102598285,0.0070897066,0.15546148,0.007175788,0.015082593,0.011774993,0.8560307,0.010841852
rgbd_dataset_freiburg3_nostructure_texture_near_withloop,fr3,ocv-icp,0.008936606,0.008126299,0.15557024,0.008041541,0.2484982,0.24934062,0.8426538,0.13122903
rgbd_dataset_freiburg3_nostructure_texture_near_withloop,fr3,vors-robust,0.013840264,0.0068325694,0.15558149,0.007064949,0.043079384,0.011776043,0.85625523,0.011064044
rgbd_dataset_freiburg1_rpy,fr1,vors-photo,0.0074134613,0.004597013,0.47769594,0.007620692,0.03739613,0.023198117,1.5714309,0.041955784
rgbd_dataset_freiburg1_rpy,fr1,dvo,0.006744798,0.0044476823,0.47753888,0.0072155423,0.033340383,0.023223335,1.5303332,0.040689334
rgbd_dataset_freiburg1_rpy,fr1,fovis,0.008790997,0.005265774,0.47763517,0.0074633164,0.053816054,0.039300326,1.5473486,0.060335506
rgbd_dataset_freiburg1_rpy,fr1,vors-robust,0.008443149,0.0046922127,0.4777912,0.0075434344,0.042567316,0.024314318,1.5711347,0.04262898
rgbd_dataset_freiburg1_rpy,fr1,vors-norm,0.0075944187,0.0048224786,0.47760546,0.007542338,0.04087962,0.023789024,1.5699141,0.04464845
rgbd_dataset_freiburg1_rpy,fr1,ocv-rgbd,0.006745993,0.0044979155,0.4775724,0.0072560925,0.031728867,0.022735108,1.5340383,0.03869142
rgbd_dataset_freiburg1_rpy,fr1,vors,0.0074976366,0.0045672324,0.47765994,0.0075224363,0.036739133,0.02673192,1.5733308,0.041573554
rgbd_dataset_freiburg1_rpy,fr1,vors-huber,0.008834641,0.0047868905,0.47776672,0.0075113093,0.044021986,0.027065283,1.5714132,0.042438738
rgbd_dataset_freiburg1_rpy,fr1,ocv-icp,0.0036782632,0.0030149014,0.47692943,0.035947926,0.070332445,0.06252604,1.6264265,0.87043476
rgbd_dataset_freiburg1_rpy,fr1,still,0.003681447,0.0030364455,0.4774113,0.036802687,0.07030391,0.062429816,1.6534,0.869627
rgbd_dataset_freiburg1_rpy,fr1,ocv-rgbd-icp,0.0036782632,0.0030149014,0.47692943,0.035947926,0.070332445,0.06252604,1.6264265,0.87043476
rgbd_dataset_freiburg2_pioneer_slam3,fr2,dvo,0.075975955,0.0025690396,0.5605481,0.003199455,0.17032552,0.024045292,2.0139403,0.0134659
rgbd_dataset_freiburg2_pioneer_slam3,fr2,vors-photo,0.11216037,0.0033189345,0.52979785,0.0035033596,0.24170119,0.024243077,1.8506148,0.013327349
rgbd_dataset_freiburg2_pioneer_slam3,fr2,ocv-rgbd,0.024192052,0.0049146903,0.6067141,0.0038872769,0.11976546,0.050495427,2.4995863,0.026525177
rgbd_dataset_freiburg2_pioneer_slam3,fr2,vors-robust,0.08406427,0.0033388191,0.5282946,0.0034347654,0.28957668,0.024309652,1.8498057,0.015285213
rgbd_dataset_freiburg2_pioneer_slam3,fr2,ocv-icp,0.019214775,0.006491664,0.5273627,0.010550887,0.19125208,0.17785433,1.7866021,0.26937667
rgbd_dataset_freiburg2_pioneer_slam3,fr2,fovis,0.026992416,0.004105495,0.5602948,0.0036176376,0.10562282,0.04878317,2.0012362,0.01845851
rgbd_dataset_freiburg2_pioneer_slam3,fr2,still,0.01924211,0.0064529134,0.52800816,0.010512403,0.19162151,0.17849085,1.7844547,0.27402312
rgbd_dataset_freiburg2_pioneer_slam3,fr2,ocv-rgbd-icp,0.019214775,0.006491664,0.5273627,0.010550887,0.19125208,0.17785433,1.7866021,0.26937667
rgbd_dataset_freiburg2_pioneer_slam3,fr2,vors-norm,0.12972821,0.0036540022,0.5288205,0.0035368116,0.44292232,0.030197408,1.8530449,0.014469211
rgbd_dataset_freiburg2_pioneer_slam3,fr2,vors-huber,0.101953715,0.003336921,0.52872956,0.003470737,0.27487123,0.027548345,1.8484035,0.01593227
rgbd_dataset_freiburg2_pioneer_slam3,fr2,vors,0.101992965,0.0034434972,0.5285833,0.0034597933,0.20030804,0.031177986,1.8489145,0.013820288
rgbd_dataset_freiburg2_pioneer_360,fr2,vors-norm,0.1472737,0.0091380775,0.5773904,0.009320338,0.48698816,0.035518266,1.3000997,0.025145251
rgbd_dataset_freiburg2_pioneer_360,fr2,vors-robust,0.14178526,0.008749411,0.5775258,0.00940632,0.47850186,0.07883947,1.2929019,0.034950484
rgbd_dataset_freiburg2_pioneer_360,fr2,dvo,0.12827764,0.0073524294,0.6169933,0.008963883,0.46363127,0.033533197,1.4405065,0.029510507
rgbd_dataset_freiburg2_pioneer_360,fr2,still,0.028697176,0.016085843,0.57545173,0.01636159,0.24487682,0.28057635,1.278531,0.20786643
rgbd_dataset_freiburg2_pioneer_360,fr2,vors,0.13805924,0.009085998,0.5774666,0.009271091,0.46982732,0.100223,1.2978166,0.035420958
rgbd_dataset_freiburg2_pioneer_360,fr2,fovis,0.046076268,0.015438889,0.61526805,0.010288789,0.16135904,0.091319546,1.4304812,0.03284112
rgbd_dataset_freiburg2_pioneer_360,fr2,ocv-icp,0.02872196,0.016085843,0.5754509,0.016301792,0.24501574,0.28082737,1.2777323,0.20879526
rgbd_dataset_freiburg2_pioneer_360,fr2,ocv-rgbd-icp,0.02872196,0.016085843,0.5754509,0.016301792,0.24501574,0.28082737,1.2777323,0.20879526
rgbd_dataset_freiburg2_pioneer_360,fr2,ocv-rgbd,0.043868724,0.012805322,0.5739395,0.0128656505,0.21109694,0.16079554,1.2812307,0.11776037
rgbd_dataset_freiburg2_pioneer_360,fr2,vors-photo,4.4939847,0.017540254,0.6494925,0.015879061,14.423607,0.28934136,1.4346755,0.19431692
rgbd_dataset_freiburg2_pioneer_360,fr2,vors-huber,0.101530805,0.008597945,0.575995,0.009449523,0.35992205,0.080586374,1.2918266,0.03654605
rgbd_dataset_freiburg2_360_hemisphere,fr2,vors-robust,0.1482862,0.008210074,0.60821366,0.0035097941,0.9951151,0.08850377,2.2888758,0.022826603
rgbd_dataset_freiburg2_360_hemisphere,fr2,dvo,0.07368568,0.0081918435,0.7525774,0.0031178633,0.71164507,0.096562855,3.0115702,0.025450068
rgbd_dataset_freiburg2_360_hemisphere,fr2,vors-norm,0.21204539,0.0086212335,0.61023223,0.0035654793,1.5626361,0.08791119,2.2846718,0.022204699
rgbd_dataset_freiburg2_360_hemisphere,fr2,fovis,0.02398145,0.0106630605,0.62244964,0.0038633842,0.13402437,0.08770067,2.5779188,0.020966304
rgbd_dataset_freiburg2_360_hemisphere,fr2,vors-huber,0.13321124,0.008923788,0.61071044,0.0036106384,0.9171517,0.10820761,2.3052409,0.024207603
rgbd_dataset_freiburg2_360_hemisphere,fr2,vors-photo,0.08010403,0.007807756,0.61043817,0.0034268347,0.44100294,0.06373524,2.331297,0.019619593
rgbd_dataset_freiburg2_360_hemisphere,fr2,ocv-rgbd,0.036602955,0.0077032065,0.5978954,0.01071453,0.23521376,0.15227145,2.2575886,0.19581263
rgbd_dataset_freiburg2_360_hemisphere,fr2,ocv-rgbd-icp,0.0069027035,0.005196136,0.58491874,0.013126828,0.1798205,0.1512854,2.217122,0.37034494
rgbd_dataset_freiburg2_360_hemisphere,fr2,vors,0.07416248,0.00806847,0.61068255,0.0035195302,0.52078974,0.080977395,2.3264945,0.021969154
rgbd_dataset_freiburg2_360_hemisphere,fr2,ocv-icp,0.0069027035,0.005196136,0.58491874,0.013126828,0.1798205,0.1512854,2.217122,0.37034494
rgbd_dataset_freiburg2_360_hemisphere,fr2,still,0.006859048,0.0052161426,0.6099454,0.013031879,0.17993234,0.15159905,2.2301042,0.37236854
rgbd_dataset_freiburg3_cabinet,fr3,ocv-rgbd-icp,0.008364874,0.007695231,0.18879743,0.009229274,0.22619364,0.22629194,0.9491713,0.18012545
rgbd_dataset_freiburg3_cabinet,fr3,vors-huber,0.013679974,0.00646992,0.18888514,0.0058075967,0.078115456,0.043342434,0.9546642,0.030998645
rgbd_dataset_freiburg3_cabinet,fr3,fovis,0.011478513,0.007677221,0.26653334,0.0069475975,0.114669904,0.09650622,1.2175379,0.06701962
rgbd_dataset_freiburg3_cabinet,fr3,ocv-icp,0.008364874,0.007695231,0.18879743,0.009229274,0.22619364,0.22629194,0.9491713,0.18012545
rgbd_dataset_freiburg3_cabinet,fr3,vors-norm,0.026028965,0.007859101,0.18933246,0.007158933,0.15220733,0.098226525,0.93157727,0.0729855
rgbd_dataset_freiburg3_cabinet,fr3,vors-robust,0.013867526,0.0062963003,0.18893372,0.005917137,0.07346059,0.04494712,0.95460683,0.032403488
rgbd_dataset_freiburg3_cabinet,fr3,vors-photo,0.010627392,0.005766212,0.1886528,0.00592744,0.12465472,0.08839611,0.9387411,0.0636637
rgbd_dataset_freiburg3_cabinet,fr3,ocv-rgbd,0.0092578195,0.0051915506,0.26686063,0.004800656,0.07043502,0.05270423,1.3934126,0.03506839
rgbd_dataset_freiburg3_cabinet,fr3,still,0.008370333,0.007695231,0.1887971,0.009219918,0.22620167,0.22629194,0.9491636,0.18012545
rgbd_dataset_freiburg3_cabinet,fr3,vors,0.011506046,0.0060033468,0.18866187,0.00578758,0.11053663,0.07078706,0.94276863,0.051876664
rgbd_dataset_freiburg3_cabinet,fr3,dvo,0.00984978,0.0071492493,0.26678556,0.0058685676,0.14933425,0.1347738,1.3737007,0.082798354
rgbd_dataset_freiburg2_coke,fr2,ocv-rgbd-icp,0.005103682,0.0047444534,0.30918184,0.006749646,0.14326607,0.13884062,1.5409027,0.1656742
rgbd_dataset_freiburg2_coke,fr2,ocv-icp,0.005103682,0.0047444534,0.30918184,0.006749646,0.14326607,0.13884062,1.5409027,0.1656742
rgbd_dataset_freiburg2_coke,fr2,vors-robust,0.02296158,0.0014551549,0.30959564,0.0026531331,0.1493679,0.013453079,1.5732442,0.009102478
rgbd_dataset_freiburg2_coke,fr2,vors-norm,0.034386694,0.0019396772,0.3091836,0.0030107193,0.2908341,0.022077398,1.5684376,0.014564156
rgbd_dataset_freiburg2_coke,fr2,vors-huber,0.023811087,0.0014806988,0.30959806,0.0026835254,0.16056357,0.014202956,1.5745277,0.010016392
rgbd_dataset_freiburg2_coke,fr2,still,0.005103734,0.0047476003,0.30919284,0.0066838237,0.14333834,0.1387097,1.5403281,0.1658755
rgbd_dataset_freiburg2_coke,fr2,ocv-rgbd,0.006021936,0.0027216033,0.37896731,0.003529748,0.11861653,0.037184473,1.7203825,0.036338266
rgbd_dataset_freiburg2_coke,fr2,dvo,0.007925663,0.002779962,0.35738757,0.0026012445,0.09674505,0.06068373,1.8596364,0.021705152
rgbd_dataset_freiburg2_coke,fr2,fovis,0.011442787,0.0035075827,0.35728556,0.003145567,0.1825424,0.050092667,1.7957791,0.018745549
rgbd_dataset_freiburg2_coke,fr2,vors-photo,0.013340495,0.0015736478,0.309555,0.0027342683,0.1764114,0.01552695,1.5802978,0.010568552
rgbd_dataset_freiburg2_coke,fr2,vors,0.018334376,0.0016801297,0.30952993,0.002785991,0.20476684,0.016921153,1.5791402,0.0124972025
rgbd_dataset_freiburg1_room,fr1,vors-photo,0.0065716263,0.0045077847,0.8540727,0.0056745503,0.055321727,0.036335398,3.9507697,0.06904809
rgbd_dataset_freiburg1_room,fr1,dvo,0.006403569,0.004152455,0.90402496,0.005080276,0.051502757,0.035251375,3.9750755,0.05269216
rgbd_dataset_freiburg1_room,fr1,vors,0.008901497,0.004427968,0.8540803,0.0055884686,0.07138903,0.038343824,3.9494236,0.07393839
rgbd_dataset_freiburg1_room,fr1,fovis,0.007203809,0.0047001843,0.9036459,0.0052633723,0.058174297,0.036845867,3.9196703,0.048648275
rgbd_dataset_freiburg1_room,fr1,still,0.012982793,0.011359539,0.8517239,0.02228755,0.35700879,0.3295526,3.6302373,0.72146463
rgbd_dataset_freiburg1_room,fr1,ocv-icp,0.012970676,0.011402662,0.85181475,0.0225487,0.35683388,0.33112496,3.6389499,0.7280445
rgbd_dataset_freiburg1_room,fr1,ocv-rgbd-icp,0.012970676,0.011402662,0.85181475,0.0225487,0.35683388,0.33112496,3.6389499,0.7280445
rgbd_dataset_freiburg1_room,fr1,ocv-rgbd,0.0062052486,0.004274429,0.9041174,0.005089379,0.05125438,0.036019564,4.1134114,0.06150051
rgbd_dataset_freiburg1_room,fr1,vors-robust,0.014520371,0.004437026,0.8538912,0.0055609187,0.07775361,0.034517,3.9509876,0.06392376
rgbd_dataset_freiburg1_room,fr1,vors-norm,0.018783785,0.004483491,0.8540397,0.0057984586,0.118769996,0.04204788,3.9469442,0.07301666
rgbd_dataset_freiburg1_room,fr1,vors-huber,0.014948024,0.004447317,0.8540919,0.0056744963,0.088704094,0.036089886,3.9516594,0.062446736
rgbd_dataset_freiburg1_plant,fr1,vors,0.007832615,0.0044985753,0.8390938,0.0050440575,0.070583336,0.03739665,3.4798756,0.043479703
rgbd_dataset_freiburg1_plant,fr1,vors-norm,0.015274423,0.0050601917,0.8390861,0.0055563995,0.15755557,0.042232323,3.4794147,0.05913247
rgbd_dataset_freiburg1_plant,fr1,dvo,0.005203247,0.003747145,0.8603526,0.0044001625,0.025524605,0.018578071,3.5237935,0.025458854
rgbd_dataset_freiburg1_plant,fr1,ocv-rgbd-icp,0.015988458,0.013375394,0.8368601,0.021826157,0.40517083,0.37975562,3.2090292,0.5638507
rgbd_dataset_freiburg1_plant,fr1,still,0.015948378,0.013375394,0.8366045,0.02168464,0.40553275,0.37968317,3.2031398,0.56380534
rgbd_dataset_freiburg1_plant,fr1,vors-photo,0.008306938,0.004415202,0.8391083,0.0049853805,0.06487076,0.03013366,3.4827442,0.039065823
rgbd_dataset_freiburg1_plant,fr1,ocv-rgbd,0.005939688,0.003922059,0.90038145,0.0046299724,0.04434181,0.026605103,3.4811914,0.0274883
rgbd_dataset_freiburg1_plant,fr1,vors-huber,0.0062217237,0.00403749,0.83926994,0.004755951,0.02795423,0.020603653,3.4852858,0.02634021
rgbd_dataset_freiburg1_plant,fr1,vors-robust,0.0061157723,0.0040301913,0.8392886,0.0048476383,0.028021634,0.020124866,3.485083,0.02671286
rgbd_dataset_freiburg1_plant,fr1,fovis,0.0073122266,0.00440837,0.8598532,0.0046729636,0.067008056,0.04408977,3.5644069,0.033874337
rgbd_dataset_freiburg1_plant,fr1,ocv-icp,0.015988458,0.013375394,0.8368601,0.021826157,0.40517083,0.37975562,3.2090292,0.5638507
rgbd_dataset_freiburg2_desk,fr2,vors-norm,0.0050145,0.0018482052,0.45026496,0.0033846595,0.05584154,0.013568206,1.7887044,0.009311788
rgbd_dataset_freiburg2_desk,fr2,fovis,0.0036317224,0.002396659,0.5079325,0.0031556059,0.014331427,0.011234511,1.9474462,0.007975497
rgbd_dataset_freiburg2_desk,fr2,vors-photo,0.004135372,0.001777283,0.45031127,0.0032946113,0.043255903,0.012109261,1.7871709,0.009696461
rgbd_dataset_freiburg2_desk,fr2,ocv-icp,0.03602924,0.0071140565,0.48905745,0.0067352224,0.2058217,0.20857969,1.7681869,0.10410763
rgbd_dataset_freiburg2_desk,fr2,ocv-rgbd-icp,0.03602924,0.0071140565,0.48905745,0.0067352224,0.2058217,0.20857969,1.7681869,0.10410763
rgbd_dataset_freiburg2_desk,fr2,vors-huber,0.0053493204,0.0019851744,0.45069793,0.0033439582,0.05004858,0.012485401,1.7889304,0.008623161
rgbd_dataset_freiburg2_desk,fr2,ocv-rgbd,0.0030837555,0.0020254704,0.5080424,0.0029358417,0.018159153,0.013814886,1.8342909,0.01374915
rgbd_dataset_freiburg2_desk,fr2,still,0.032914728,0.0070754183,0.44964257,0.0065779844,0.205686,0.20863335,1.7540455,0.10272906
rgbd_dataset_freiburg2_desk,fr2,dvo,0.0031976965,0.0017818818,0.5080869,0.0028497265,0.023780072,0.020179393,1.9459559,0.017979354
rgbd_dataset_freiburg2_desk,fr2,vors-robust,0.007580321,0.0018987993,0.45071286,0.0033126979,0.04977597,0.012524408,1.7885572,0.008521004
rgbd_dataset_freiburg2_desk,fr2,vors,0.0044904947,0.0018083439,0.45030016,0.0033397567,0.043756112,0.01158294,1.7884022,0.010068842
rgbd_dataset_freiburg3_structure_texture_near,fr3,vors-norm,0.028972061,0.0055937637,0.38702524,0.0049484763,0.22534278,0.007980198,1.5062909,0.0081847105
rgbd_dataset_freiburg3_structure_texture_near,fr3,dvo,0.00793657,0.0056893644,0.38672978,0.0051297285,0.01751285,0.015376373,1.5041296,0.013343556
rgbd_dataset_freiburg3_structure_texture_near,fr3,vors,0.009582277,0.0055241757,0.38679323,0.004995683,0.04811709,0.007638813,1.5047686,0.008000195
rgbd_dataset_freiburg3_structure_texture_near,fr3,still,0.005650748,0.004830103,0.3863885,0.008167653,0.15198216,0.15019602,1.4627753,0.15066501
rgbd_dataset_freiburg3_structure_texture_near,fr3,ocv-icp,0.005651069,0.004827082,0.38638857,0.00816584,0.151993,0.15019602,1.4627649,0.15072691
rgbd_dataset_freiburg3_structure_texture_near,fr3,vors-robust,0.012821634,0.0060645863,0.38693774,0.0052633346,0.06924164,0.008492869,1.505912,0.0084734615
rgbd_dataset_freiburg3_structure_texture_near,fr3,vors-photo,0.0075350995,0.005413732,0.38679242,0.0050730654,0.008867379,0.0071637593,1.5047272,0.007883307
rgbd_dataset_freiburg3_structure_texture_near,fr3,fovis,0.008424653,0.0062115574,0.3867768,0.005803359,0.013449304,0.009990437,1.5037332,0.009762243
rgbd_dataset_freiburg3_structure_texture_near,fr3,vors-huber,0.009730174,0.006280144,0.38684386,0.005283799,0.04108893,0.008281281,1.5053302,0.00832475
rgbd_dataset_freiburg3_structure_texture_near,fr3,ocv-rgbd,0.008612351,0.0058852565,0.38668954,0.005415529,0.018184995,0.014055127,1.503507,0.011931556
rgbd_dataset_freiburg3_structure_texture_near,fr3,ocv-rgbd-icp,0.005651069,0.004827082,0.38638857,0.00816584,0.151993,0.15019602,1.4627649,0.15072691
rgbd_dataset_freiburg2_flowerbouquet_brownbackground,fr2,vors-huber,0.01361173,0.0036309487,0.3756241,0.00460073,0.1229003,0.056343827,1.700482,0.06591615
rgbd_dataset_freiburg2_flowerbouquet_brownbackground,fr2,still,0.005801915,0.005423076,0.37567365,0.0074238954,0.16180173,0.16128716,1.6818366,0.19360502
rgbd_dataset_freiburg2_flowerbouquet_brownbackground,fr2,fovis,0.0041434555,0.003083556,0.46010566,0.0040906654,0.06632139,0.053520992,1.6987455,0.06386965
rgbd_dataset_freiburg2_flowerbouquet_brownbackground,fr2,vors-norm,0.020929279,0.0041877804,0.37567657,0.004914755,0.16605018,0.084412605,1.7022738,0.08020584
rgbd_dataset_freiburg2_flowerbouquet_brownbackground,fr2,ocv-rgbd-icp,0.0058055115,0.005390785,0.45992142,0.0073856134,0.16171682,0.16100247,1.6764555,0.19296812
rgbd_dataset_freiburg2_flowerbouquet_brownbackground,fr2,ocv-rgbd,0.0054611256,0.0034183394,0.4790882,0.004391165,0.11463391,0.09207817,1.839365,0.11028111
rgbd_dataset_freiburg2_flowerbouquet_brownbackground,fr2,vors-robust,0.012985341,0.0031360975,0.37566096,0.004230619,0.121476956,0.060517076,1.7044115,0.0751135
rgbd_dataset_freiburg2_flowerbouquet_brownbackground,fr2,vors-photo,0.014173265,0.0033167896,0.3759226,0.004149444,0.13434838,0.04103885,1.7062553,0.040864028
rgbd_dataset_freiburg2_flowerbouquet_brownbackground,fr2,dvo,0.0035554832,0.0028485523,0.46019518,0.003626297,0.07097633,0.060426183,1.6922793,0.07137871
rgbd_dataset_freiburg2_flowerbouquet_brownbackground,fr2,ocv-icp,0.0058055115,0.005390785,0.45992142,0.0073856134,0.16171682,0.16100247,1.6764555,0.19296812
rgbd_dataset_freiburg2_flowerbouquet_brownbackground,fr2,vors,0.016358972,0.0032026125,0.37601253,0.004079649,0.13451926,0.048735797,1.7045431,0.05158354
rgbd_dataset_freiburg3_structure_texture_far,fr3,vors,0.010073866,0.00709274,0.36193046,0.004179217,0.01079148,0.008811291,1.1609077,0.006384443
rgbd_dataset_freiburg3_structure_texture_far,fr3,vors-norm,0.010563517,0.007048027,0.3617694,0.0041683926,0.011328742,0.008800444,1.1607945,0.006382247
rgbd_dataset_freiburg3_structure_texture_far,fr3,dvo,0.011142069,0.0077086305,0.36181116,0.0044577154,0.017093092,0.014655123,1.1594265,0.008383078
rgbd_dataset_freiburg3_structure_texture_far,fr3,ocv-rgbd-icp,0.0072427113,0.0064784484,0.36176333,0.006202964,0.1989778,0.19371307,1.1448963,0.07402287
rgbd_dataset_freiburg3_structure_texture_far,fr3,vors-photo,0.009972869,0.0070009613,0.3618365,0.0042371973,0.010910725,0.008703588,1.1603456,0.006350687
rgbd_dataset_freiburg3_structure_texture_far,fr3,vors-huber,0.010968659,0.007716869,0.36177808,0.004335232,0.0116787385,0.009160393,1.1608893,0.0062690554
rgbd_dataset_freiburg3_structure_texture_far,fr3,ocv-rgbd,0.011538134,0.008269833,0.36187136,0.0046032853,0.020968249,0.016810212,1.1585076,0.009582764
rgbd_dataset_freiburg3_structure_texture_far,fr3,ocv-icp,0.0072427113,0.0064784484,0.36176333,0.006202964,0.1989778,0.19371307,1.1448963,0.07402287
rgbd_dataset_freiburg3_structure_texture_far,fr3,fovis,0.012167401,0.008481665,0.36183038,0.0047977585,0.014319599,0.011489069,1.1605057,0.0072367433
rgbd_dataset_freiburg3_structure_texture_far,fr3,still,0.007247379,0.006466963,0.3617633,0.0061644968,0.19897269,0.19353871,1.1448823,0.07386781
rgbd_dataset_freiburg3_structure_texture_far,fr3,vors-robust,0.010742013,0.0076509756,0.3617954,0.004387098,0.011441961,0.009087669,1.1609619,0.00630486
